"spatial_unit","climate_scenario","management_scenario","species","feeding_regime","units","mean_capacity_animals","median_capacity_animals","mean_change_from_current_pct","median_change_from_current_pct"
"Conservancy","Current","Current","Cattle","Grazer",90,4363,2171,0,0
"Conservancy","Current","Current","Donkeys","Grazer",90,17600,8997,0,0
"Conservancy","Current","Current","Goats","Browser-Mixed",90,76492,41248,0,0
"Conservancy","Current","Current","Sheep","Grazer-Mixed",90,47221,24555,0,0
"Conservancy","SSP245_2050","With_Intervention","Cattle","Grazer",90,10803,6103,198.755303949355,157.136327934629
"Conservancy","SSP245_2050","With_Intervention","Donkeys","Grazer",90,37092,21260,113.96261892354,115.008784794792
"Conservancy","SSP245_2050","With_Intervention","Goats","Browser-Mixed",90,74125,46963,18.8044248168753,-6.16794546062797
"Conservancy","SSP245_2050","With_Intervention","Sheep","Grazer-Mixed",90,86983,50739,115.124935902825,77.8917584148523
"Conservancy","SSP245_2050","Without_Intervention","Cattle","Grazer",90,4016,1947,-10.6065525084998,-7.36624929312662
"Conservancy","SSP245_2050","Without_Intervention","Donkeys","Grazer",90,16433,8516,-7.86021091297596,-6.12637252033603
"Conservancy","SSP245_2050","Without_Intervention","Goats","Browser-Mixed",90,73803,38897,-5.05375061100831,-3.49110101066689
"Conservancy","SSP245_2050","Without_Intervention","Sheep","Grazer-Mixed",90,44355,22445,-8.23609930444018,-5.4288010903663
"Conservancy","SSP245_2090","With_Intervention","Cattle","Grazer",90,10390,5802,185.645572520917,145.077089407502
"Conservancy","SSP245_2090","With_Intervention","Donkeys","Grazer",90,35681,20302,105.157735223813,105.738439743032
"Conservancy","SSP245_2090","With_Intervention","Goats","Browser-Mixed",90,71391,44967,14.1851362085583,-7.42957831722508
"Conservancy","SSP245_2090","With_Intervention","Sheep","Grazer-Mixed",90,83695,49091,106.006136611415,70.6662175905995
"Conservancy","SSP245_2090","Without_Intervention","Cattle","Grazer",90,3836,1831,-15.1176335552052,-10.7712301088657
"Conservancy","SSP245_2090","Without_Intervention","Donkeys","Grazer",90,15732,8110,-12.0044072206736,-9.82899590741388
"Conservancy","SSP245_2090","Without_Intervention","Goats","Browser-Mixed",90,71176,37098,-8.67938030420644,-6.19716124137133
"Conservancy","SSP245_2090","Without_Intervention","Sheep","Grazer-Mixed",90,42550,21450,-12.3881690154316,-8.89338229480983
"Conservancy","SSP585_2050","With_Intervention","Cattle","Grazer",90,10470,5922,190.334570871644,148.499920819574
"Conservancy","SSP585_2050","With_Intervention","Donkeys","Grazer",90,35949,20564,107.775665353367,107.56532303678
"Conservancy","SSP585_2050","With_Intervention","Goats","Browser-Mixed",90,71851,45345,15.7264419842697,-7.11591487511285
"Conservancy","SSP585_2050","With_Intervention","Sheep","Grazer-Mixed",90,84302,49050,109.122073947365,71.893096134116
"Conservancy","SSP585_2050","Without_Intervention","Cattle","Grazer",90,3891,1891,-12.8380661001817,-9.51185365686365
"Conservancy","SSP585_2050","Without_Intervention","Donkeys","Grazer",90,15928,8228,-10.1535767061747,-8.54308810192838
"Conservancy","SSP585_2050","Without_Intervention","Goats","Browser-Mixed",90,71519,37644,-7.40968288908527,-5.50942089305425
"Conservancy","SSP585_2050","Without_Intervention","Sheep","Grazer-Mixed",90,42984,21901,-10.5207377551992,-7.88533218415755
"Conservancy","SSP585_2090","With_Intervention","Cattle","Grazer",90,9763,5479,167.814377340531,133.786726218075
"Conservancy","SSP585_2090","With_Intervention","Donkeys","Grazer",90,33520,18988,92.2282255258072,95.5091401792084
"Conservancy","SSP585_2090","With_Intervention","Goats","Browser-Mixed",90,67146,42168,7.03116113889608,-12.6215593577188
"Conservancy","SSP585_2090","With_Intervention","Sheep","Grazer-Mixed",90,78646,46689,92.9525161211861,62.4788731747835
"Conservancy","SSP585_2090","Without_Intervention","Cattle","Grazer",90,3607,1758,-20.0668795782828,-15.9342328805882
"Conservancy","SSP585_2090","Without_Intervention","Donkeys","Grazer",90,14793,7736,-17.1682328184975,-15.1615264626298
"Conservancy","SSP585_2090","Without_Intervention","Goats","Browser-Mixed",90,67046,34760,-14.0201466332892,-11.5212414243001
"Conservancy","SSP585_2090","Without_Intervention","Sheep","Grazer-Mixed",90,40040,20519,-17.5017835344466,-14.3275699465314
"Cluster","Current","Current","Cattle","Grazer",6,65449,49182,0,0
"Cluster","Current","Current","Donkeys","Grazer",6,263995,192308,0,0
"Cluster","Current","Current","Goats","Browser-Mixed",6,1147346,641408,0,0
"Cluster","Current","Current","Sheep","Grazer-Mixed",6,708295,474635,0,0
"Cluster","SSP245_2050","With_Intervention","Cattle","Grazer",6,162036,90529,110.637047028519,106.019588499241
"Cluster","SSP245_2050","With_Intervention","Donkeys","Grazer",6,556357,319494,80.1764489687798,75.5956065509222
"Cluster","SSP245_2050","With_Intervention","Goats","Browser-Mixed",6,1111846,698436,3.67076479113101,0.21740962733528
"Cluster","SSP245_2050","With_Intervention","Sheep","Grazer-Mixed",6,1304713,748056,65.2011764992223,59.7035159083515
"Cluster","SSP245_2050","Without_Intervention","Cattle","Grazer",6,60235,45767,-8.66912974846839,-8.6758837818822
"Cluster","SSP245_2050","Without_Intervention","Donkeys","Grazer",6,246491,181583,-7.14394084342926,-7.63339530743599
"Cluster","SSP245_2050","Without_Intervention","Goats","Browser-Mixed",6,1107004,626028,-4.50275662242763,-3.53184039132134
"Cluster","SSP245_2050","Without_Intervention","Sheep","Grazer-Mixed",6,665299,449051,-6.82261430819574,-6.60818126328236
"Cluster","SSP245_2090","With_Intervention","Cattle","Grazer",6,155844,86856,102.387949704321,97.0243979313067
"Cluster","SSP245_2090","With_Intervention","Donkeys","Grazer",6,535193,306594,73.3259922553968,68.1540449451929
"Cluster","SSP245_2090","With_Intervention","Goats","Browser-Mixed",6,1070830,670862,-0.0851633533501917,-2.48976204583048
"Cluster","SSP245_2090","With_Intervention","Sheep","Grazer-Mixed",6,1255388,717991,58.890663159448,53.9370792411924
"Cluster","SSP245_2090","Without_Intervention","Cattle","Grazer",6,57536,43643,-12.7878067385581,-12.907240481766
"Cluster","SSP245_2090","Without_Intervention","Donkeys","Grazer",6,235981,173478,-11.0407485443068,-10.7840542685527
"Cluster","SSP245_2090","Without_Intervention","Goats","Browser-Mixed",6,1067609,602308,-7.88832191781424,-6.96530610207555
"Cluster","SSP245_2090","Without_Intervention","Sheep","Grazer-Mixed",6,638225,429577,-10.6238147182463,-9.93798530897247
"Cluster","SSP585_2050","With_Intervention","Cattle","Grazer",6,157051,87846,104.321471598666,100.037875760978
"Cluster","SSP585_2050","With_Intervention","Donkeys","Grazer",6,539224,310034,74.7265214960756,70.4709658756568
"Cluster","SSP585_2050","With_Intervention","Goats","Browser-Mixed",6,1077736,675949,0.610298380453569,-2.35442144610484
"Cluster","SSP585_2050","With_Intervention","Sheep","Grazer-Mixed",6,1264492,725515,60.2208517631628,54.3548219087236
"Cluster","SSP585_2050","Without_Intervention","Cattle","Grazer",6,58367,44191,-11.2751151487679,-10.9177866348845
"Cluster","SSP585_2050","Without_Intervention","Donkeys","Grazer",6,238914,175476,-9.76406887871325,-9.4641605013317
"Cluster","SSP585_2050","Without_Intervention","Goats","Browser-Mixed",6,1072754,604847,-7.24801237156947,-6.01360805054247
"Cluster","SSP585_2050","Without_Intervention","Sheep","Grazer-Mixed",6,644738,433684,-9.48428619649277,-8.80855053233744
"Cluster","SSP585_2090","With_Intervention","Cattle","Grazer",6,146437,81587,89.2064985741509,84.2810267437927
"Cluster","SSP585_2090","With_Intervention","Donkeys","Grazer",6,502783,287874,61.9139387565155,57.4362095081792
"Cluster","SSP585_2090","With_Intervention","Goats","Browser-Mixed",6,1007158,631082,-6.6744684748842,-10.3777152937783
"Cluster","SSP585_2090","With_Intervention","Sheep","Grazer-Mixed",6,1179660,674663,48.4050654559849,44.9184968429476
"Cluster","SSP585_2090","Without_Intervention","Cattle","Grazer",6,54100,41271,-18.3073907561092,-17.5494757835204
"Cluster","SSP585_2090","Without_Intervention","Donkeys","Grazer",6,221883,163726,-16.6850152603593,-15.8765787674436
"Cluster","SSP585_2090","Without_Intervention","Goats","Browser-Mixed",6,1005650,568757,-13.6280281420226,-12.1579950168255
"Cluster","SSP585_2090","Without_Intervention","Sheep","Grazer-Mixed",6,600586,406016,-16.2430614223339,-15.0373822338553
