"unit_id","unit","species","feeding_regime","forage_profile","carrying_capacity_animals_Current","carrying_capacity_animals_SSP245_2050_Without_Intervention","carrying_capacity_animals_SSP245_2050_With_Intervention","carrying_capacity_animals_SSP245_2090_Without_Intervention","carrying_capacity_animals_SSP245_2090_With_Intervention","carrying_capacity_animals_SSP585_2050_Without_Intervention","carrying_capacity_animals_SSP585_2050_With_Intervention","carrying_capacity_animals_SSP585_2090_Without_Intervention","carrying_capacity_animals_SSP585_2090_With_Intervention","capacity_change_from_current_animals_Current","capacity_change_from_current_animals_SSP245_2050_Without_Intervention","capacity_change_from_current_animals_SSP245_2050_With_Intervention","capacity_change_from_current_animals_SSP245_2090_Without_Intervention","capacity_change_from_current_animals_SSP245_2090_With_Intervention","capacity_change_from_current_animals_SSP585_2050_Without_Intervention","capacity_change_from_current_animals_SSP585_2050_With_Intervention","capacity_change_from_current_animals_SSP585_2090_Without_Intervention","capacity_change_from_current_animals_SSP585_2090_With_Intervention","capacity_change_from_current_pct_Current","capacity_change_from_current_pct_SSP245_2050_Without_Intervention","capacity_change_from_current_pct_SSP245_2050_With_Intervention","capacity_change_from_current_pct_SSP245_2090_Without_Intervention","capacity_change_from_current_pct_SSP245_2090_With_Intervention","capacity_change_from_current_pct_SSP585_2050_Without_Intervention","capacity_change_from_current_pct_SSP585_2050_With_Intervention","capacity_change_from_current_pct_SSP585_2090_Without_Intervention","capacity_change_from_current_pct_SSP585_2090_With_Intervention"
"Cluster_1","Cluster A — South, Kunene South & Erongo","Cattle","Grazer","Cattle_Grazer",33470,29349,91954,27462,87344,28425,89399,25583,80951,0,-4121,58484,-6008,53874,-5045,55929,-7888,47481,0,-12.3129148216426,174.734035986761,-17.9508088602415,160.959443625448,-15.0727338831831,167.100219282056,-23.5657912567735,141.858915780948
"Cluster_1","Cluster A — South, Kunene South & Erongo","Sheep","Grazer-Mixed","Sheep_Grazer_Mixed",348550,317982,757500,300010,720262,307985,736236,279629,667913,0,-30568,408950,-48540,371712,-40565,387686,-68921,319363,0,-8.76998658634093,117.328972554903,-13.9262514305087,106.645259441419,-11.6381862631488,111.228160069032,-19.7737677915995,91.6262508407107
"Cluster_1","Cluster A — South, Kunene South & Erongo","Goats","Browser-Mixed","Goat_Browser_Mixed",534559,516299,697773,492631,665633,500077,677538,459516,618352,0,-18260,163215,-41927,131074,-34482,142980,-75043,83793,0,-3.41591980304939,30.5326015626586,-7.84337909541375,24.5200307408967,-6.45050068184259,26.7472418099986,-14.0383213259666,15.6751264526564
"Cluster_1","Cluster A — South, Kunene South & Erongo","Donkeys","Grazer","Donkey_Grazer",151327,137860,332894,129889,316427,133713,323683,120773,293222,0,-13467,181567,-21438,165100,-17615,172356,-30554,141895,0,-8.89943725770467,119.983119773509,-14.1664633361015,109.101084834518,-11.6400929752415,113.896020726587,-20.1905901753563,93.7672553180534
"Cluster_2","Cluster C — Kavango East, Kavango West & Zambezi","Cattle","Grazer","Cattle_Grazer",26179,23503,28427,22887,28107,23434,27805,21677,25981,0,-2676,2247,-3293,1928,-2745,1626,-4503,-198,0,-10.2232521913286,8.5840899381946,-12.5773249301982,7.3648274069264,-10.4866481150621,6.21147625183247,-17.19907466089,-0.755823096592577
"Cluster_2","Cluster C — Kavango East, Kavango West & Zambezi","Sheep","Grazer-Mixed","Sheep_Grazer_Mixed",276205,256299,282721,251654,280239,255311,276405,238303,259215,0,-19906,6515,-24551,4034,-20894,200,-37902,-16990,0,-7.20682012015235,2.35891806117067,-8.888534738062,1.46049264745335,-7.56460036866795,0.0724311423036276,-13.7223691667345,-6.15130431616029
"Cluster_2","Cluster C — Kavango East, Kavango West & Zambezi","Goats","Browser-Mixed","Goat_Browser_Mixed",408036,393152,381677,389210,378060,390749,376183,368374,354260,0,-14884,-26359,-18826,-29976,-17287,-31853,-39663,-53777,0,-3.64776097959329,-6.46007773278592,-4.61385133313004,-7.34635985963375,-4.23659222105946,-7.80635926762234,-9.72035648604409,-13.179362774565
"Cluster_2","Cluster C — Kavango East, Kavango West & Zambezi","Donkeys","Grazer","Donkey_Grazer",98889,90597,104722,88676,103804,90286,102143,83978,95682,0,-8292,5834,-10213,4915,-8602,3254,-14911,-3207,0,-8.38538663581678,5.89908621425936,-10.3277886586269,4.96996880483762,-8.69908070911795,3.29090214950397,-15.0785791764723,-3.24274346718672
"Cluster_3","Cluster B — Omaheke & Otjozondjupa (Central / Group 4)","Cattle","Grazer","Cattle_Grazer",151705,139640,446280,134100,431733,135167,431985,125955,405518,0,-12065,294575,-17605,280028,-16539,280280,-25750,253813,0,-7.95304851156423,194.175715727378,-11.6050366113764,184.586969855033,-10.9017632792113,184.753011370379,-16.9737143601529,167.306590593265
"Cluster_3","Cluster B — Omaheke & Otjozondjupa (Central / Group 4)","Sheep","Grazer-Mixed","Sheep_Grazer_Mixed",1815078,1706000,3523421,1644814,3408855,1651350,3410561,1544937,3201875,0,-109078,1708344,-170263,1593778,-163728,1595483,-270141,1386797,0,-6.00954240641237,94.1195948863464,-9.38050728794511,87.8076791774799,-9.02044431182969,87.9016530544883,-14.88314566915,76.4043076978104
"Cluster_3","Cluster B — Omaheke & Otjozondjupa (Central / Group 4)","Goats","Browser-Mixed","Goat_Browser_Mixed",3343253,3212302,2801295,3109782,2710839,3109404,2711562,2920990,2546269,0,-130951,-541958,-233471,-632414,-233849,-631691,-422263,-796984,0,-3.91687829304086,-16.2104897041496,-6.98334291305182,-18.9161256858332,-6.99464663394177,-18.8945062565319,-12.6302976810133,-23.8385873484272
"Cluster_3","Cluster B — Omaheke & Otjozondjupa (Central / Group 4)","Donkeys","Grazer","Donkey_Grazer",622097,579288,1502596,557514,1453701,560730,1454466,523657,1365433,0,-42809,880500,-64583,831605,-61366,832370,-98440,743336,0,-6.8814039790552,141.537480986182,-10.3814547939709,133.677733081851,-9.86442247941155,133.800747213219,-15.8238463669498,119.488858613493
"Cluster_4","Cluster E — Kunene (North)","Cattle","Grazer","Cattle_Grazer",87603,80582,278699,76007,265328,78024,270422,71922,251266,0,-7021,191096,-11596,177725,-9578,182820,-15681,163663,0,-8.01436239908582,218.139573479141,-13.2371560333338,202.876218434942,-10.9338099905578,208.691870297303,-17.8998769061507,186.824062409952
"Cluster_4","Cluster E — Kunene (North)","Sheep","Grazer-Mixed","Sheep_Grazer_Mixed",973357,918957,2230524,871199,2124064,889681,2164018,825489,2011795,0,-54400,1257167,-102158,1150706,-83676,1190661,-147869,1038437,0,-5.58891403426027,129.157786203028,-10.4954633299998,118.220346575185,-8.59665675284519,122.325153301502,-15.1916187985606,106.686122113448
"Cluster_4","Cluster E — Kunene (North)","Goats","Browser-Mixed","Goat_Browser_Mixed",1637859,1597670,1864495,1524073,1777228,1546521,1808094,1446464,1684218,0,-40189,226636,-113786,139368,-91339,170235,-191395,46358,0,-2.45377836278849,13.8373093725002,-6.94726929109928,8.50917244156559,-5.57671541924235,10.3937385340678,-11.6856923526376,2.83041660031846
"Cluster_4","Cluster E — Kunene (North)","Donkeys","Grazer","Donkey_Grazer",374778,351773,961410,332853,915378,340808,932906,315078,866853,0,-23005,586632,-41925,540600,-33969,558129,-59700,492075,0,-6.13818229200572,156.52796217517,-11.1866537431345,144.245387104221,-9.06389852325186,148.92250605024,-15.9293111679374,131.297756346189
"Cluster_5","Cluster D — Omusati, Oshana, Oshikoto & Ohangwena","Cattle","Grazer","Cattle_Grazer",64894,62185,89103,59824,86367,59956,86293,56960,82223,0,-2709,24209,-5070,21473,-4938,21399,-7934,17329,0,-4.17379540251048,37.3051410117207,-7.81279089670967,33.0893522371656,-7.60874253256232,32.9755322399,-12.2259794070513,26.7031377066373
"Cluster_5","Cluster D — Omusati, Oshana, Oshikoto & Ohangwena","Sheep","Grazer-Mixed","Sheep_Grazer_Mixed",600720,580119,738611,559143,715720,559383,714795,532403,681412,0,-20600,137891,-41576,115000,-41337,114075,-68317,80693,0,-3.42928232265045,22.9543503595297,-6.92106314193281,19.1437218102453,-6.88117941130901,18.9897222486916,-11.3725248040566,13.4326859880849
"Cluster_5","Cluster D — Omusati, Oshana, Oshikoto & Ohangwena","Goats","Browser-Mixed","Goat_Browser_Mixed",748257,735757,699099,711984,676091,709618,674360,677998,643813,0,-12499,-49158,-36273,-72166,-38639,-73897,-70259,-104444,0,-1.67047468842653,-6.56965173889381,-4.84761430638981,-9.64453352506928,-5.16386091291049,-9.87584091260346,-9.38964522553174,-13.9583359662962
"Cluster_5","Cluster D — Omusati, Oshana, Oshikoto & Ohangwena","Donkeys","Grazer","Donkey_Grazer",233289,225306,306095,217066,296761,217239,296385,206679,282526,0,-7984,72805,-16223,63471,-16050,63095,-26610,49236,0,-3.42228426510466,31.2080933283358,-6.9540300218645,27.2070050558676,-6.88000387191174,27.0459110247267,-11.4064523736808,21.1051636983051
"Cluster_6","Cluster F —    //Karas,Hardap","Cattle","Grazer","Cattle_Grazer",28845,26152,37754,24939,36187,25197,36402,22505,32682,0,-2693,8908,-3907,7341,-3648,7557,-6340,3837,0,-9.33740516467859,30.8837260279209,-13.5437230994887,25.4508866664079,-12.6469930920304,26.1967201505263,-21.9799079456371,13.3021080506951
"Cluster_6","Cluster F —    //Karas,Hardap","Sheep","Grazer-Mixed","Sheep_Grazer_Mixed",235860,212437,295503,202531,283189,204716,284938,182756,255749,0,-23424,59643,-33330,47329,-31145,49078,-53104,19889,0,-9.93114037935804,25.2874369303565,-14.1310683810293,20.066479304905,-13.2046500711559,20.8079907629589,-22.5149423039023,8.43233041201545
"Cluster_6","Cluster F —    //Karas,Hardap","Goats","Browser-Mixed","Goat_Browser_Mixed",212110,186844,226735,177972,217130,180154,218680,160559,196040,0,-25266,14625,-34138,5020,-31956,6570,-51551,-16070,0,-11.9117276076672,6.89489698745648,-16.0944745678007,2.36683576797278,-15.0657583604202,3.09751637541265,-24.3038557809423,-7.5760678129916
"Cluster_6","Cluster F —    //Karas,Hardap","Donkeys","Grazer","Donkey_Grazer",103590,94125,130423,89887,125090,90707,125761,81130,112983,0,-9465,26833,-13703,21500,-12883,22171,-22460,9393,0,-9.1369506308885,25.9029513352229,-13.2281007121428,20.7547746510862,-12.4369147133449,21.4030418121762,-21.6813123017594,9.06734203023948
