"spatial_unit","unit_id","unit","species","feeding_regime","forage_profile","climate_scenario","Without_Intervention","With_Intervention","intervention_benefit_raw","intervention_benefit_pct","without_intervention_animals","with_intervention_animals","intervention_benefit_animals"
"Cluster","Cluster_1","Cluster A — South, Kunene South & Erongo","Cattle","Grazer","Cattle_Grazer","SSP245_2050",29349.1583359479,91954.3933527806,62605.2350168327,213.311858214862,29349,91954,62605
"Cluster","Cluster_1","Cluster A — South, Kunene South & Erongo","Sheep","Grazer-Mixed","Sheep_Grazer_Mixed","SSP245_2050",317982.276199362,757500.287364091,439518.011164729,138.220914831482,317982,757500,439518
"Cluster","Cluster_1","Cluster A — South, Kunene South & Erongo","Goats","Browser-Mixed","Goat_Browser_Mixed","SSP245_2050",516298.668022459,697773.465180598,181474.797158139,35.1491894901121,516299,697773,181475
"Cluster","Cluster_1","Cluster A — South, Kunene South & Erongo","Donkeys","Grazer","Donkey_Grazer","SSP245_2050",137859.855326472,332894.113420905,195034.258094433,141.472844021607,137860,332894,195034
"Cluster","Cluster_2","Cluster C — Kavango East, Kavango West & Zambezi","Cattle","Grazer","Cattle_Grazer","SSP245_2050",23502.9159019465,28426.5446944636,4923.6287925171,20.9490125100151,23503,28427,4924
"Cluster","Cluster_2","Cluster C — Kavango East, Kavango West & Zambezi","Sheep","Grazer-Mixed","Sheep_Grazer_Mixed","SSP245_2050",256299.476633084,282720.531420265,26421.054787181,10.3086651343441,256299,282721,26421
"Cluster","Cluster_2","Cluster C — Kavango East, Kavango West & Zambezi","Goats","Browser-Mixed","Goat_Browser_Mixed","SSP245_2050",393151.906648908,381676.639391401,-11475.2672575069,-2.91878713124353,393152,381677,-11475
"Cluster","Cluster_2","Cluster C — Kavango East, Kavango West & Zambezi","Donkeys","Grazer","Donkey_Grazer","SSP245_2050",90596.6172465672,104722.365004984,14125.7477584168,15.591915225678,90597,104722,14126
"Cluster","Cluster_3","Cluster B — Omaheke & Otjozondjupa (Central / Group 4)","Cattle","Grazer","Cattle_Grazer","SSP245_2050",139640.053291775,446279.990342517,306639.937050742,219.593110874874,139640,446280,306640
"Cluster","Cluster_3","Cluster B — Omaheke & Otjozondjupa (Central / Group 4)","Sheep","Grazer-Mixed","Sheep_Grazer_Mixed","SSP245_2050",1705999.73774779,3523421.27537857,1817421.53763078,106.531173330079,1706000,3523421,1817422
"Cluster","Cluster_3","Cluster B — Omaheke & Otjozondjupa (Central / Group 4)","Goats","Browser-Mixed","Goat_Browser_Mixed","SSP245_2050",3212301.67782159,2801295.16740831,-411006.510413273,-12.7947668567666,3212302,2801295,-411007
"Cluster","Cluster_3","Cluster B — Omaheke & Otjozondjupa (Central / Group 4)","Donkeys","Grazer","Donkey_Grazer","SSP245_2050",579287.586862607,1502596.37146899,923308.784606382,159.38694450661,579288,1502596,923309
"Cluster","Cluster_4","Cluster E — Kunene (North)","Cattle","Grazer","Cattle_Grazer","SSP245_2050",80581.8940422856,278698.828092912,198116.934050626,245.857877138832,80582,278699,198117
"Cluster","Cluster_4","Cluster E — Kunene (North)","Sheep","Grazer-Mixed","Sheep_Grazer_Mixed","SSP245_2050",918957.247252997,2230524.16187802,1311566.91462502,142.723387681597,918957,2230524,1311567
"Cluster","Cluster_4","Cluster E — Kunene (North)","Goats","Browser-Mixed","Goat_Browser_Mixed","SSP245_2050",1597669.86755145,1864494.9638746,266825.096323145,16.7008905746013,1597670,1864495,266825
"Cluster","Cluster_4","Cluster E — Kunene (North)","Donkeys","Grazer","Donkey_Grazer","SSP245_2050",351773.317193141,961410.021782162,609636.704589022,173.303850744967,351773,961410,609637
"Cluster","Cluster_5","Cluster D — Omusati, Oshana, Oshikoto & Ohangwena","Cattle","Grazer","Cattle_Grazer","SSP245_2050",62185.4621290538,89102.8052542993,26917.3431252455,43.2855883090228,62185,89103,26917
"Cluster","Cluster_5","Cluster D — Omusati, Oshana, Oshikoto & Ohangwena","Sheep","Grazer-Mixed","Sheep_Grazer_Mixed","SSP245_2050",580119.287646461,738610.956396917,158491.668750455,27.3205308159042,580119,738611,158492
"Cluster","Cluster_5","Cluster D — Omusati, Oshana, Oshikoto & Ohangwena","Goats","Browser-Mixed","Goat_Browser_Mixed","SSP245_2050",735757.333491727,699098.909365974,-36658.4241257535,-4.98240689654854,735757,699099,-36658
"Cluster","Cluster_5","Cluster D — Omusati, Oshana, Oshikoto & Ohangwena","Donkeys","Grazer","Donkey_Grazer","SSP245_2050",225305.637366897,306094.660347768,80789.0229808702,35.8575239949766,225306,306095,80789
"Cluster","Cluster_6","Cluster F —    //Karas,Hardap","Cattle","Grazer","Cattle_Grazer","SSP245_2050",26151.8311679093,37753.7077107302,11601.8765428209,44.363534118626,26152,37754,11602
"Cluster","Cluster_6","Cluster F —    //Karas,Hardap","Sheep","Grazer-Mixed","Sheep_Grazer_Mixed","SSP245_2050",212436.549428052,295503.139489843,83066.5900617908,39.1018354823749,212437,295503,83067
"Cluster","Cluster_6","Cluster F —    //Karas,Hardap","Goats","Browser-Mixed","Goat_Browser_Mixed","SSP245_2050",186843.922100671,226734.629517175,39890.7074165041,21.3497484788459,186844,226735,39891
"Cluster","Cluster_6","Cluster F —    //Karas,Hardap","Donkeys","Grazer","Donkey_Grazer","SSP245_2050",94125.0152257891,130422.842879277,36297.8276534881,38.5634228758594,94125,130423,36298
"Cluster","Cluster_1","Cluster A — South, Kunene South & Erongo","Cattle","Grazer","Cattle_Grazer","SSP245_2090",27462.1364959179,87343.9915883359,59881.8550924181,218.052426843481,27462,87344,59882
"Cluster","Cluster_1","Cluster A — South, Kunene South & Erongo","Sheep","Grazer-Mixed","Sheep_Grazer_Mixed","SSP245_2090",300010.111442564,720262.197759933,420252.086317369,140.079307426218,300010,720262,420252
"Cluster","Cluster_1","Cluster A — South, Kunene South & Erongo","Goats","Browser-Mixed","Goat_Browser_Mixed","SSP245_2090",492631.296228783,665632.740743027,173001.444514244,35.117834745501,492631,665633,173001
"Cluster","Cluster_1","Cluster A — South, Kunene South & Erongo","Donkeys","Grazer","Donkey_Grazer","SSP245_2090",129889.416601274,316426.643657951,186537.227056677,143.612337277098,129889,316427,186537
"Cluster","Cluster_2","Cluster C — Kavango East, Kavango West & Zambezi","Cattle","Grazer","Cattle_Grazer","SSP245_2090",22886.6363534088,28107.3504104842,5220.71405707542,22.8111897985299,22887,28107,5221
"Cluster","Cluster_2","Cluster C — Kavango East, Kavango West & Zambezi","Sheep","Grazer-Mixed","Sheep_Grazer_Mixed","SSP245_2090",251654.49542892,280239.034788424,28584.5393595039,11.3586444425658,251654,280239,28585
"Cluster","Cluster_2","Cluster C — Kavango East, Kavango West & Zambezi","Goats","Browser-Mixed","Goat_Browser_Mixed","SSP245_2090",389209.909365299,378060.288473751,-11149.6208915478,-2.86468063203476,389210,378060,-11150
"Cluster","Cluster_2","Cluster C — Kavango East, Kavango West & Zambezi","Donkeys","Grazer","Donkey_Grazer","SSP245_2090",88675.7986551056,103803.571689949,15127.7730348436,17.0596411470523,88676,103804,15128
"Cluster","Cluster_3","Cluster B — Omaheke & Otjozondjupa (Central / Group 4)","Cattle","Grazer","Cattle_Grazer","SSP245_2090",134099.795796743,431733.359922239,297633.564125496,221.949304513949,134100,431733,297634
"Cluster","Cluster_3","Cluster B — Omaheke & Otjozondjupa (Central / Group 4)","Sheep","Grazer-Mixed","Sheep_Grazer_Mixed","SSP245_2090",1644814.10942881,3408855.10749615,1764040.99806734,107.248654298079,1644814,3408855,1764041
"Cluster","Cluster_3","Cluster B — Omaheke & Otjozondjupa (Central / Group 4)","Goats","Browser-Mixed","Goat_Browser_Mixed","SSP245_2090",3109782.01288101,2710838.91610078,-398943.096780232,-12.8286514980076,3109782,2710839,-398943
"Cluster","Cluster_3","Cluster B — Omaheke & Otjozondjupa (Central / Group 4)","Donkeys","Grazer","Donkey_Grazer","SSP245_2090",557513.89098329,1453701.14976886,896187.258785573,160.747072544679,557514,1453701,896187
"Cluster","Cluster_4","Cluster E — Kunene (North)","Cattle","Grazer","Cattle_Grazer","SSP245_2090",76006.586263634,265327.718309038,189321.132045404,249.085166631128,76007,265328,189321
"Cluster","Cluster_4","Cluster E — Kunene (North)","Sheep","Grazer-Mixed","Sheep_Grazer_Mixed","SSP245_2090",871198.988906513,2124063.78903531,1252864.80012879,143.809257825394,871199,2124064,1252865
"Cluster","Cluster_4","Cluster E — Kunene (North)","Goats","Browser-Mixed","Goat_Browser_Mixed","SSP245_2090",1524072.80827244,1777227.57737959,253154.769107153,16.6104117685892,1524073,1777228,253155
"Cluster","Cluster_4","Cluster E — Kunene (North)","Donkeys","Grazer","Donkey_Grazer","SSP245_2090",332852.763633829,915377.649067803,582524.885433974,175.009778820646,332853,915378,582525
"Cluster","Cluster_5","Cluster D — Omusati, Oshana, Oshikoto & Ohangwena","Cattle","Grazer","Cattle_Grazer","SSP245_2090",59823.9722063041,86367.0110705959,26543.0388642918,44.3685664548613,59824,86367,26543
"Cluster","Cluster_5","Cluster D — Omusati, Oshana, Oshikoto & Ohangwena","Sheep","Grazer-Mixed","Sheep_Grazer_Mixed","SSP245_2090",559143.473753605,715719.76150198,156576.287748375,28.0028821041687,559143,715720,156576
"Cluster","Cluster_5","Cluster D — Omusati, Oshana, Oshikoto & Ohangwena","Goats","Browser-Mixed","Goat_Browser_Mixed","SSP245_2090",711984.171096846,676090.898123877,-35893.2729729696,-5.04130210053325,711984,676091,-35893
"Cluster","Cluster_5","Cluster D — Omusati, Oshana, Oshikoto & Ohangwena","Donkeys","Grazer","Donkey_Grazer","SSP245_2090",217066.446548501,296760.542880502,79694.096332001,36.7141479483307,217066,296761,79694
"Cluster","Cluster_6","Cluster F —    //Karas,Hardap","Cattle","Grazer","Cattle_Grazer","SSP245_2090",24938.5092166734,36186.5928713333,11248.0836546599,45.1032720397725,24939,36187,11248
"Cluster","Cluster_6","Cluster F —    //Karas,Hardap","Sheep","Grazer-Mixed","Sheep_Grazer_Mixed","SSP245_2090",202530.592849061,283188.980885721,80658.3880366594,39.8252860972817,202531,283189,80658
"Cluster","Cluster_6","Cluster F —    //Karas,Hardap","Goats","Browser-Mixed","Goat_Browser_Mixed","SSP245_2090",177971.902864044,217130.164645936,39158.261781892,22.0024965467755,177972,217130,39158
"Cluster","Cluster_6","Cluster F —    //Karas,Hardap","Donkeys","Grazer","Donkey_Grazer","SSP245_2090",89886.9936497715,125089.84765026,35202.8540004886,39.1634568819268,89887,125090,35203
"Cluster","Cluster_1","Cluster A — South, Kunene South & Erongo","Cattle","Grazer","Cattle_Grazer","SSP585_2050",28425.4377395686,89399.329574366,60973.8918347974,214.50467146165,28425,89399,60974
"Cluster","Cluster_1","Cluster A — South, Kunene South & Erongo","Sheep","Grazer-Mixed","Sheep_Grazer_Mixed","SSP585_2050",307985.164199715,736235.901134898,428250.736935183,139.049144801495,307985,736236,428251
"Cluster","Cluster_1","Cluster A — South, Kunene South & Erongo","Goats","Browser-Mixed","Goat_Browser_Mixed","SSP585_2050",500077.049899343,677538.492767971,177461.442868628,35.4868200618982,500077,677538,177461
"Cluster","Cluster_1","Cluster A — South, Kunene South & Erongo","Donkeys","Grazer","Donkey_Grazer","SSP585_2050",133712.500037481,323682.681913721,189970.18187624,142.073614525933,133713,323683,189970
"Cluster","Cluster_2","Cluster C — Kavango East, Kavango West & Zambezi","Cattle","Grazer","Cattle_Grazer","SSP585_2050",23433.9607170515,27805.4112573601,4371.45054030863,18.6543392860081,23434,27805,4371
"Cluster","Cluster_2","Cluster C — Kavango East, Kavango West & Zambezi","Sheep","Grazer-Mixed","Sheep_Grazer_Mixed","SSP585_2050",255311.269411789,276405.138399002,21093.8689872129,8.26202033142173,255311,276405,21094
"Cluster","Cluster_2","Cluster C — Kavango East, Kavango West & Zambezi","Goats","Browser-Mixed","Goat_Browser_Mixed","SSP585_2050",390749.262687227,376183.324885289,-14565.9378019373,-3.72769425123561,390749,376183,-14566
"Cluster","Cluster_2","Cluster C — Kavango East, Kavango West & Zambezi","Donkeys","Grazer","Donkey_Grazer","SSP585_2050",90286.4088546111,102143.16235656,11856.7535019489,13.1323791170406,90286,102143,11857
"Cluster","Cluster_3","Cluster B — Omaheke & Otjozondjupa (Central / Group 4)","Cattle","Grazer","Cattle_Grazer","SSP585_2050",135166.698328486,431985.253609934,296818.555281448,219.594440755009,135167,431985,296819
"Cluster","Cluster_3","Cluster B — Omaheke & Otjozondjupa (Central / Group 4)","Sheep","Grazer-Mixed","Sheep_Grazer_Mixed","SSP585_2050",1651349.5318382,3410560.80628341,1759211.27444521,106.531733017597,1651350,3410561,1759211
"Cluster","Cluster_3","Cluster B — Omaheke & Otjozondjupa (Central / Group 4)","Goats","Browser-Mixed","Goat_Browser_Mixed","SSP585_2050",3109404.10091338,2711561.70828097,-397842.392632408,-12.7948114725758,3109404,2711562,-397842
"Cluster","Cluster_3","Cluster B — Omaheke & Otjozondjupa (Central / Group 4)","Donkeys","Grazer","Donkey_Grazer","SSP585_2050",560730.331250106,1454466.4164541,893736.085203991,159.387861757268,560730,1454466,893736
"Cluster","Cluster_4","Cluster E — Kunene (North)","Cattle","Grazer","Cattle_Grazer","SSP585_2050",78024.379384414,270422.38585043,192398.006466016,246.587038543556,78024,270422,192398
"Cluster","Cluster_4","Cluster E — Kunene (North)","Sheep","Grazer-Mixed","Sheep_Grazer_Mixed","SSP585_2050",889681.162343657,2164018.22713054,1274337.06478688,143.235253113592,889681,2164018,1274337
"Cluster","Cluster_4","Cluster E — Kunene (North)","Goats","Browser-Mixed","Goat_Browser_Mixed","SSP585_2050",1546520.55238974,1808094.11848046,261573.566090725,16.9136818574142,1546521,1808094,261574
"Cluster","Cluster_4","Cluster E — Kunene (North)","Donkeys","Grazer","Donkey_Grazer","SSP585_2050",340808.380342748,932906.455633927,592098.075291179,173.733426007809,340808,932906,592098
"Cluster","Cluster_5","Cluster D — Omusati, Oshana, Oshikoto & Ohangwena","Cattle","Grazer","Cattle_Grazer","SSP585_2050",59956.3873622051,86293.1487157294,26336.7613535242,43.9265314543054,59956,86293,26337
"Cluster","Cluster_5","Cluster D — Omusati, Oshana, Oshikoto & Ohangwena","Sheep","Grazer-Mixed","Sheep_Grazer_Mixed","SSP585_2050",559383.063164916,714794.655858209,155411.592693293,27.7826775472955,559383,714795,155412
"Cluster","Cluster_5","Cluster D — Omusati, Oshana, Oshikoto & Ohangwena","Goats","Browser-Mixed","Goat_Browser_Mixed","SSP585_2050",709617.8344426,674360.124929052,-35257.7095135472,-4.96854895723442,709618,674360,-35258
"Cluster","Cluster_5","Cluster D — Omusati, Oshana, Oshikoto & Ohangwena","Donkeys","Grazer","Donkey_Grazer","SSP585_2050",217239.141758468,296384.727475406,79145.585716938,36.4324702612452,217239,296385,79146
"Cluster","Cluster_6","Cluster F —    //Karas,Hardap","Cattle","Grazer","Cattle_Grazer","SSP585_2050",25197.1730217503,36401.7302319115,11204.5572101612,44.467517052367,25197,36402,11205
"Cluster","Cluster_6","Cluster F —    //Karas,Hardap","Sheep","Grazer-Mixed","Sheep_Grazer_Mixed","SSP585_2050",204715.644485169,284937.910939613,80222.2664544436,39.1871694301582,204716,284938,80222
"Cluster","Cluster_6","Cluster F —    //Karas,Hardap","Goats","Browser-Mixed","Goat_Browser_Mixed","SSP585_2050",180153.911498059,218680.010349447,38526.0988513884,21.3851026219897,180154,218680,38526
"Cluster","Cluster_6","Cluster F —    //Karas,Hardap","Donkeys","Grazer","Donkey_Grazer","SSP585_2050",90706.5830725385,125761.387476753,35054.8044042148,38.6463729718286,90707,125761,35055
"Cluster","Cluster_1","Cluster A — South, Kunene South & Erongo","Cattle","Grazer","Cattle_Grazer","SSP585_2090",25582.7832585035,80950.9815473685,55368.1982888651,216.427578381102,25583,80951,55368
"Cluster","Cluster_1","Cluster A — South, Kunene South & Erongo","Sheep","Grazer-Mixed","Sheep_Grazer_Mixed","SSP585_2090",279628.589035221,667913.432672542,388284.843637321,138.857348233594,279629,667913,388285
"Cluster","Cluster_1","Cluster A — South, Kunene South & Erongo","Goats","Browser-Mixed","Goat_Browser_Mixed","SSP585_2090",459515.689437391,618351.529455488,158835.840018098,34.5659231380257,459516,618352,158836
"Cluster","Cluster_1","Cluster A — South, Kunene South & Erongo","Donkeys","Grazer","Donkey_Grazer","SSP585_2090",120773.279120573,293222.401498432,172449.122377859,142.78748050361,120773,293222,172449
"Cluster","Cluster_2","Cluster C — Kavango East, Kavango West & Zambezi","Cattle","Grazer","Cattle_Grazer","SSP585_2090",21676.6950502131,25981.4216982963,4304.72664808321,19.8587775401716,21677,25981,4305
"Cluster","Cluster_2","Cluster C — Kavango East, Kavango West & Zambezi","Sheep","Grazer-Mixed","Sheep_Grazer_Mixed","SSP585_2090",238303.199182753,259214.864902905,20911.6657201519,8.77523499133343,238303,259215,20912
"Cluster","Cluster_2","Cluster C — Kavango East, Kavango West & Zambezi","Goats","Browser-Mixed","Goat_Browser_Mixed","SSP585_2090",368373.525513799,354259.531575843,-14113.9939379565,-3.83143547524773,368374,354260,-14114
"Cluster","Cluster_2","Cluster C — Kavango East, Kavango West & Zambezi","Donkeys","Grazer","Donkey_Grazer","SSP585_2090",83977.7976009187,95682.1167938064,11704.3191928877,13.9373971778937,83978,95682,11704
"Cluster","Cluster_3","Cluster B — Omaheke & Otjozondjupa (Central / Group 4)","Cattle","Grazer","Cattle_Grazer","SSP585_2090",125955.230063464,405518.118222263,279562.888158799,221.954172143497,125955,405518,279563
"Cluster","Cluster_3","Cluster B — Omaheke & Otjozondjupa (Central / Group 4)","Sheep","Grazer-Mixed","Sheep_Grazer_Mixed","SSP585_2090",1544936.95300675,3201875.06662992,1656938.11362317,107.249561893024,1544937,3201875,1656938
"Cluster","Cluster_3","Cluster B — Omaheke & Otjozondjupa (Central / Group 4)","Goats","Browser-Mixed","Goat_Browser_Mixed","SSP585_2090",2920990.03825066,2546268.57765998,-374721.460590682,-12.8285771496536,2920990,2546269,-374721
"Cluster","Cluster_3","Cluster B — Omaheke & Otjozondjupa (Central / Group 4)","Donkeys","Grazer","Donkey_Grazer","SSP585_2090",523656.959974975,1365432.64914389,841775.689168915,160.749451169167,523657,1365433,841776
"Cluster","Cluster_4","Cluster E — Kunene (North)","Cattle","Grazer","Cattle_Grazer","SSP585_2090",71921.9172965913,251265.597637897,179343.680341306,249.35887012262,71922,251266,179344
"Cluster","Cluster_4","Cluster E — Kunene (North)","Sheep","Grazer-Mixed","Sheep_Grazer_Mixed","SSP585_2090",825488.614347039,2011794.56713056,1186305.95278352,143.709547553468,825489,2011795,1186306
"Cluster","Cluster_4","Cluster E — Kunene (North)","Goats","Browser-Mixed","Goat_Browser_Mixed","SSP585_2090",1446464.10525894,1684217.54643769,237753.441178748,16.4368711476726,1446464,1684218,237753
"Cluster","Cluster_4","Cluster E — Kunene (North)","Donkeys","Grazer","Donkey_Grazer","SSP585_2090",315078.333355653,866852.794843114,551774.46148746,175.122946605354,315078,866853,551774
"Cluster","Cluster_5","Cluster D — Omusati, Oshana, Oshikoto & Ohangwena","Cattle","Grazer","Cattle_Grazer","SSP585_2090",56960.0774279293,82222.7406854304,25262.6632575011,44.3515254863646,56960,82223,25263
"Cluster","Cluster_5","Cluster D — Omusati, Oshana, Oshikoto & Ohangwena","Sheep","Grazer-Mixed","Sheep_Grazer_Mixed","SSP585_2090",532402.668357038,681412.446483939,149009.778126901,27.9881726713985,532403,681412,149010
"Cluster","Cluster_5","Cluster D — Omusati, Oshana, Oshikoto & Ohangwena","Goats","Browser-Mixed","Goat_Browser_Mixed","SSP585_2090",677998.117090019,643812.579162099,-34185.5379279203,-5.04212874139612,677998,643813,-34186
"Cluster","Cluster_5","Cluster D — Omusati, Oshana, Oshikoto & Ohangwena","Donkeys","Grazer","Donkey_Grazer","SSP585_2090",206679.414217397,282525.589757868,75846.1755404717,36.6974987942885,206679,282526,75846
"Cluster","Cluster_6","Cluster F —    //Karas,Hardap","Cattle","Grazer","Cattle_Grazer","SSP585_2090",22505.0725584961,32682.2501175051,10177.177559009,45.2217051624962,22505,32682,10177
"Cluster","Cluster_6","Cluster F —    //Karas,Hardap","Sheep","Grazer-Mixed","Sheep_Grazer_Mixed","SSP585_2090",182756.375050407,255748.659594351,72992.2845439441,39.9396653188222,182756,255749,72992
"Cluster","Cluster_6","Cluster F —    //Karas,Hardap","Goats","Browser-Mixed","Goat_Browser_Mixed","SSP585_2090",160558.99485455,196040.284555407,35481.2897008566,22.0985997906869,160559,196040,35481
"Cluster","Cluster_6","Cluster F —    //Karas,Hardap","Donkeys","Grazer","Donkey_Grazer","SSP585_2090",81130.3134029168,112982.838464175,31852.5250612577,39.2609417186259,81130,112983,31853
