"species","feeding_regime","forage_profile","body_mass_kg","DMI_fraction","annual_demand_kg","species_usable_forage_kg","carrying_capacity_raw","capacity_method","total_area_ha","valid_area_ha","missing_area_ha","missing_area_pct","spatial_unit","unit_id","unit","climate_scenario","management_scenario","scenario_id","current_capacity_raw","capacity_change_from_current_raw","capacity_change_from_current_pct","carrying_capacity_animals","capacity_change_from_current_animals"
"Cattle","Grazer","Cattle_Grazer",450,0.022,3613.5,120945043.881016,33470.3317783356,"Forage-limited potential livestock carrying capacity",2738207.08076389,2738207.08076389,0,0,"Cluster","Cluster_1","Cluster A — South, Kunene South & Erongo","Current","Current","Current",33470.3317783356,0,0,33470,0
"Sheep","Grazer-Mixed","Sheep_Grazer_Mixed",50,0.025,456.25,159025969.730086,348550.070641285,"Forage-limited potential livestock carrying capacity",2738207.08076389,2738207.08076389,0,0,"Cluster","Cluster_1","Cluster A — South, Kunene South & Erongo","Current","Current","Current",348550.070641285,0,0,348550,0
"Goats","Browser-Mixed","Goat_Browser_Mixed",45,0.025,410.625,219503193.615769,534558.766796393,"Forage-limited potential livestock carrying capacity",2738207.08076389,2738207.08076389,0,0,"Cluster","Cluster_1","Cluster A — South, Kunene South & Erongo","Current","Current","Current",534558.766796393,0,0,534559,0
"Donkeys","Grazer","Donkey_Grazer",180,0.015,985.5,149132873.974182,151327.117173194,"Forage-limited potential livestock carrying capacity",2738207.08076389,2738207.08076389,0,0,"Cluster","Cluster_1","Cluster A — South, Kunene South & Erongo","Current","Current","Current",151327.117173194,0,0,151327,0
"Cattle","Grazer","Cattle_Grazer",450,0.022,3613.5,94598867.3956853,26179.2908248749,"Forage-limited potential livestock carrying capacity",783233.539348635,780291.999554455,2941.53979417973,0.375563563918116,"Cluster","Cluster_2","Cluster C — Kavango East, Kavango West & Zambezi","Current","Current","Current",26179.2908248749,0,0,26179,0
"Sheep","Grazer-Mixed","Sheep_Grazer_Mixed",50,0.025,456.25,126018567.70644,276205.079904526,"Forage-limited potential livestock carrying capacity",783233.539348635,780291.999554455,2941.53979417973,0.375563563918116,"Cluster","Cluster_2","Cluster C — Kavango East, Kavango West & Zambezi","Current","Current","Current",276205.079904526,0,0,276205,0
"Goats","Browser-Mixed","Goat_Browser_Mixed",45,0.025,410.625,167549818.570917,408036.087843938,"Forage-limited potential livestock carrying capacity",783233.539348635,780291.999554455,2941.53979417973,0.375563563918116,"Cluster","Cluster_2","Cluster C — Kavango East, Kavango West & Zambezi","Current","Current","Current",408036.087843938,0,0,408036,0
"Donkeys","Grazer","Donkey_Grazer",180,0.015,985.5,97454939.7939141,98888.8277969702,"Forage-limited potential livestock carrying capacity",783233.539348635,780291.999554455,2941.53979417973,0.375563563918116,"Cluster","Cluster_2","Cluster C — Kavango East, Kavango West & Zambezi","Current","Current","Current",98888.8277969702,0,0,98889,0
"Cattle","Grazer","Cattle_Grazer",450,0.022,3613.5,548186902.890775,151705.245023046,"Forage-limited potential livestock carrying capacity",5946321.81049356,5936076.19393176,10245.6165617956,0.172301750364654,"Cluster","Cluster_3","Cluster B — Omaheke & Otjozondjupa (Central / Group 4)","Current","Current","Current",151705.245023046,0,0,151705,0
"Sheep","Grazer-Mixed","Sheep_Grazer_Mixed",50,0.025,456.25,828129152.975346,1815077.5955624,"Forage-limited potential livestock carrying capacity",5946321.81049356,5936076.19393176,10245.6165617956,0.172301750364654,"Cluster","Cluster_3","Cluster B — Omaheke & Otjozondjupa (Central / Group 4)","Current","Current","Current",1815077.5955624,0,0,1815078,0
"Goats","Browser-Mixed","Goat_Browser_Mixed",45,0.025,410.625,1372823189.98588,3343252.82188341,"Forage-limited potential livestock carrying capacity",5946321.81049356,5936076.19393176,10245.6165617956,0.172301750364654,"Cluster","Cluster_3","Cluster B — Omaheke & Otjozondjupa (Central / Group 4)","Current","Current","Current",3343252.82188341,0,0,3343253,0
"Donkeys","Grazer","Donkey_Grazer",180,0.015,985.5,613076164.426589,622096.564613485,"Forage-limited potential livestock carrying capacity",5946321.81049356,5936076.19393176,10245.6165617956,0.172301750364654,"Cluster","Cluster_3","Cluster B — Omaheke & Otjozondjupa (Central / Group 4)","Current","Current","Current",622096.564613485,0,0,622097,0
"Cattle","Grazer","Cattle_Grazer",450,0.022,3613.5,316552324.597797,87602.6911852213,"Forage-limited potential livestock carrying capacity",5126424.88987576,5125828.17119602,596.71867974475,0.0116400550590962,"Cluster","Cluster_4","Cluster E — Kunene (North)","Current","Current","Current",87602.6911852213,0,0,87603,0
"Sheep","Grazer-Mixed","Sheep_Grazer_Mixed",50,0.025,456.25,444094292.286107,973357.352955851,"Forage-limited potential livestock carrying capacity",5126424.88987576,5125828.17119602,596.71867974475,0.0116400550590962,"Cluster","Cluster_4","Cluster E — Kunene (North)","Current","Current","Current",973357.352955851,0,0,973357,0
"Goats","Browser-Mixed","Goat_Browser_Mixed",45,0.025,410.625,672545977.027419,1637859.30478519,"Forage-limited potential livestock carrying capacity",5126424.88987576,5125828.17119602,596.71867974475,0.0116400550590962,"Cluster","Cluster_4","Cluster E — Kunene (North)","Current","Current","Current",1637859.30478519,0,0,1637859,0
"Donkeys","Grazer","Donkey_Grazer",180,0.015,985.5,369343586.731236,374777.86578512,"Forage-limited potential livestock carrying capacity",5126424.88987576,5125828.17119602,596.71867974475,0.0116400550590962,"Cluster","Cluster_4","Cluster E — Kunene (North)","Current","Current","Current",374777.86578512,0,0,374778,0
"Cattle","Grazer","Cattle_Grazer",450,0.022,3613.5,234494487.54357,64894.0051317476,"Forage-limited potential livestock carrying capacity",1422473.1935077,1421564.53049095,908.663016745588,0.0638790959923049,"Cluster","Cluster_5","Cluster D — Omusati, Oshana, Oshikoto & Ohangwena","Current","Current","Current",64894.0051317476,0,0,64894,0
"Sheep","Grazer-Mixed","Sheep_Grazer_Mixed",50,0.025,456.25,274078345.23195,600719.660782357,"Forage-limited potential livestock carrying capacity",1422473.1935077,1421564.53049095,908.663016745588,0.0638790959923049,"Cluster","Cluster_5","Cluster D — Omusati, Oshana, Oshikoto & Ohangwena","Current","Current","Current",600719.660782357,0,0,600720,0
"Goats","Browser-Mixed","Goat_Browser_Mixed",45,0.025,410.625,307252937.617386,748256.773497439,"Forage-limited potential livestock carrying capacity",1422473.1935077,1421564.53049095,908.663016745588,0.0638790959923049,"Cluster","Cluster_5","Cluster D — Omusati, Oshana, Oshikoto & Ohangwena","Current","Current","Current",748256.773497439,0,0,748257,0
"Donkeys","Grazer","Donkey_Grazer",180,0.015,985.5,229906768.798064,233289.466055874,"Forage-limited potential livestock carrying capacity",1422473.1935077,1421564.53049095,908.663016745588,0.0638790959923049,"Cluster","Cluster_5","Cluster D — Omusati, Oshana, Oshikoto & Ohangwena","Current","Current","Current",233289.466055874,0,0,233289,0
"Cattle","Grazer","Cattle_Grazer",450,0.022,3613.5,104232227.300452,28845.2268715794,"Forage-limited potential livestock carrying capacity",797331.445462821,797331.445462821,0,0,"Cluster","Cluster_6","Cluster F —    //Karas,Hardap","Current","Current","Current",28845.2268715794,0,0,28845,0
"Sheep","Grazer-Mixed","Sheep_Grazer_Mixed",50,0.025,456.25,107611194.462526,235860.152246633,"Forage-limited potential livestock carrying capacity",797331.445462821,797331.445462821,0,0,"Cluster","Cluster_6","Cluster F —    //Karas,Hardap","Current","Current","Current",235860.152246633,0,0,235860,0
"Goats","Browser-Mixed","Goat_Browser_Mixed",45,0.025,410.625,87097616.3215866,212109.872320454,"Forage-limited potential livestock carrying capacity",797331.445462821,797331.445462821,0,0,"Cluster","Cluster_6","Cluster F —    //Karas,Hardap","Current","Current","Current",212109.872320454,0,0,212110,0
"Donkeys","Grazer","Donkey_Grazer",180,0.015,985.5,102087925.894053,103589.98061294,"Forage-limited potential livestock carrying capacity",797331.445462821,797331.445462821,0,0,"Cluster","Cluster_6","Cluster F —    //Karas,Hardap","Current","Current","Current",103589.98061294,0,0,103590,0
"Cattle","Grazer","Cattle_Grazer",450,0.022,3613.5,106053183.646948,29349.1583359479,"Forage-limited potential livestock carrying capacity",2738207.08076389,2738207.08076389,0,0,"Cluster","Cluster_1","Cluster A — South, Kunene South & Erongo","SSP245_2050","Without_Intervention","SSP245_2050_Without_Intervention",33470.3317783356,-4121.17344238764,-12.3129148216426,29349,-4121
"Sheep","Grazer-Mixed","Sheep_Grazer_Mixed",50,0.025,456.25,145079413.515959,317982.276199362,"Forage-limited potential livestock carrying capacity",2738207.08076389,2738207.08076389,0,0,"Cluster","Cluster_1","Cluster A — South, Kunene South & Erongo","SSP245_2050","Without_Intervention","SSP245_2050_Without_Intervention",348550.070641285,-30567.7944419225,-8.76998658634093,317982,-30568
"Goats","Browser-Mixed","Goat_Browser_Mixed",45,0.025,410.625,212005140.556722,516298.668022459,"Forage-limited potential livestock carrying capacity",2738207.08076389,2738207.08076389,0,0,"Cluster","Cluster_1","Cluster A — South, Kunene South & Erongo","SSP245_2050","Without_Intervention","SSP245_2050_Without_Intervention",534558.766796393,-18260.0987739346,-3.41591980304939,516299,-18260
"Donkeys","Grazer","Donkey_Grazer",180,0.015,985.5,135860887.424238,137859.855326472,"Forage-limited potential livestock carrying capacity",2738207.08076389,2738207.08076389,0,0,"Cluster","Cluster_1","Cluster A — South, Kunene South & Erongo","SSP245_2050","Without_Intervention","SSP245_2050_Without_Intervention",151327.117173194,-13467.2618467216,-8.89943725770467,137860,-13467
"Cattle","Grazer","Cattle_Grazer",450,0.022,3613.5,84927786.6116838,23502.9159019465,"Forage-limited potential livestock carrying capacity",783233.539348635,783112.023568523,121.515780112008,0.0155146292909091,"Cluster","Cluster_2","Cluster C — Kavango East, Kavango West & Zambezi","SSP245_2050","Without_Intervention","SSP245_2050_Without_Intervention",26179.2908248749,-2676.37492292832,-10.2232521913286,23503,-2676
"Sheep","Grazer-Mixed","Sheep_Grazer_Mixed",50,0.025,456.25,116936636.213844,256299.476633084,"Forage-limited potential livestock carrying capacity",783233.539348635,783112.023568523,121.515780112008,0.0155146292909091,"Cluster","Cluster_2","Cluster C — Kavango East, Kavango West & Zambezi","SSP245_2050","Without_Intervention","SSP245_2050_Without_Intervention",276205.079904526,-19905.6032714423,-7.20682012015235,256299,-19906
"Goats","Browser-Mixed","Goat_Browser_Mixed",45,0.025,410.625,161438001.667708,393151.906648908,"Forage-limited potential livestock carrying capacity",783233.539348635,783112.023568523,121.515780112008,0.0155146292909091,"Cluster","Cluster_2","Cluster C — Kavango East, Kavango West & Zambezi","SSP245_2050","Without_Intervention","SSP245_2050_Without_Intervention",408036.087843938,-14884.1811950302,-3.64776097959329,393152,-14884
"Donkeys","Grazer","Donkey_Grazer",180,0.015,985.5,89282966.2964919,90596.6172465672,"Forage-limited potential livestock carrying capacity",783233.539348635,783112.023568523,121.515780112008,0.0155146292909091,"Cluster","Cluster_2","Cluster C — Kavango East, Kavango West & Zambezi","SSP245_2050","Without_Intervention","SSP245_2050_Without_Intervention",98888.8277969702,-8292.210550403,-8.38538663581678,90597,-8292
"Cattle","Grazer","Cattle_Grazer",450,0.022,3613.5,504589332.569831,139640.053291775,"Forage-limited potential livestock carrying capacity",5946321.81049356,5943714.64830331,2607.16219025292,0.0438449561483877,"Cluster","Cluster_3","Cluster B — Omaheke & Otjozondjupa (Central / Group 4)","SSP245_2050","Without_Intervention","SSP245_2050_Without_Intervention",151705.245023046,-12065.1917312702,-7.95304851156423,139640,-12065
"Sheep","Grazer-Mixed","Sheep_Grazer_Mixed",50,0.025,456.25,778362380.347429,1705999.73774779,"Forage-limited potential livestock carrying capacity",5946321.81049356,5943714.64830331,2607.16219025292,0.0438449561483877,"Cluster","Cluster_3","Cluster B — Omaheke & Otjozondjupa (Central / Group 4)","SSP245_2050","Without_Intervention","SSP245_2050_Without_Intervention",1815077.5955624,-109077.857814613,-6.00954240641237,1706000,-109078
"Goats","Browser-Mixed","Goat_Browser_Mixed",45,0.025,410.625,1319051376.45549,3212301.67782159,"Forage-limited potential livestock carrying capacity",5946321.81049356,5943714.64830331,2607.16219025292,0.0438449561483877,"Cluster","Cluster_3","Cluster B — Omaheke & Otjozondjupa (Central / Group 4)","SSP245_2050","Without_Intervention","SSP245_2050_Without_Intervention",3343252.82188341,-130951.144061828,-3.91687829304086,3212302,-130951
"Donkeys","Grazer","Donkey_Grazer",180,0.015,985.5,570887916.853099,579287.586862607,"Forage-limited potential livestock carrying capacity",5946321.81049356,5943714.64830331,2607.16219025292,0.0438449561483877,"Cluster","Cluster_3","Cluster B — Omaheke & Otjozondjupa (Central / Group 4)","SSP245_2050","Without_Intervention","SSP245_2050_Without_Intervention",622096.564613485,-42808.9777508781,-6.8814039790552,579288,-42809
"Cattle","Grazer","Cattle_Grazer",450,0.022,3613.5,291182674.121799,80581.8940422856,"Forage-limited potential livestock carrying capacity",5126424.88987576,5126420.33986736,4.55000840686262,8.87559752576982e-05,"Cluster","Cluster_4","Cluster E — Kunene (North)","SSP245_2050","Without_Intervention","SSP245_2050_Without_Intervention",87602.6911852213,-7020.79714293564,-8.01436239908582,80582,-7021
"Sheep","Grazer-Mixed","Sheep_Grazer_Mixed",50,0.025,456.25,419274244.05918,918957.247252997,"Forage-limited potential livestock carrying capacity",5126424.88987576,5126420.33986736,4.55000840686262,8.87559752576982e-05,"Cluster","Cluster_4","Cluster E — Kunene (North)","SSP245_2050","Without_Intervention","SSP245_2050_Without_Intervention",973357.352955851,-54400.1057028539,-5.58891403426027,918957,-54400
"Goats","Browser-Mixed","Goat_Browser_Mixed",45,0.025,410.625,656043189.363316,1597669.86755145,"Forage-limited potential livestock carrying capacity",5126424.88987576,5126420.33986736,4.55000840686262,8.87559752576982e-05,"Cluster","Cluster_4","Cluster E — Kunene (North)","SSP245_2050","Without_Intervention","SSP245_2050_Without_Intervention",1637859.30478519,-40189.437233737,-2.45377836278849,1597670,-40189
"Donkeys","Grazer","Donkey_Grazer",180,0.015,985.5,346672604.09384,351773.317193141,"Forage-limited potential livestock carrying capacity",5126424.88987576,5126420.33986736,4.55000840686262,8.87559752576982e-05,"Cluster","Cluster_4","Cluster E — Kunene (North)","SSP245_2050","Without_Intervention","SSP245_2050_Without_Intervention",374777.86578512,-23004.5485919792,-6.13818229200572,351773,-23005
"Cattle","Grazer","Cattle_Grazer",450,0.022,3613.5,224707167.403336,62185.4621290538,"Forage-limited potential livestock carrying capacity",1422473.1935077,1422382.14716143,91.0463462725747,0.00640056675149442,"Cluster","Cluster_5","Cluster D — Omusati, Oshana, Oshikoto & Ohangwena","SSP245_2050","Without_Intervention","SSP245_2050_Without_Intervention",64894.0051317476,-2708.5430026938,-4.17379540251048,62185,-2709
"Sheep","Grazer-Mixed","Sheep_Grazer_Mixed",50,0.025,456.25,264679424.988698,580119.287646461,"Forage-limited potential livestock carrying capacity",1422473.1935077,1422382.14716143,91.0463462725747,0.00640056675149442,"Cluster","Cluster_5","Cluster D — Omusati, Oshana, Oshikoto & Ohangwena","SSP245_2050","Without_Intervention","SSP245_2050_Without_Intervention",600719.660782357,-20600.3731358951,-3.42928232265045,580119,-20600
"Goats","Browser-Mixed","Goat_Browser_Mixed",45,0.025,410.625,302120355.065041,735757.333491727,"Forage-limited potential livestock carrying capacity",1422473.1935077,1422382.14716143,91.0463462725747,0.00640056675149442,"Cluster","Cluster_5","Cluster D — Omusati, Oshana, Oshikoto & Ohangwena","SSP245_2050","Without_Intervention","SSP245_2050_Without_Intervention",748256.773497439,-12499.4400057117,-1.67047468842653,735757,-12499
"Donkeys","Grazer","Donkey_Grazer",180,0.015,985.5,222038705.625077,225305.637366897,"Forage-limited potential livestock carrying capacity",1422473.1935077,1422382.14716143,91.0463462725747,0.00640056675149442,"Cluster","Cluster_5","Cluster D — Omusati, Oshana, Oshikoto & Ohangwena","SSP245_2050","Without_Intervention","SSP245_2050_Without_Intervention",233289.466055874,-7983.82868897685,-3.42228426510466,225306,-7984
"Cattle","Grazer","Cattle_Grazer",450,0.022,3613.5,94499641.9252403,26151.8311679093,"Forage-limited potential livestock carrying capacity",797331.445462821,797331.445462821,0,0,"Cluster","Cluster_6","Cluster F —    //Karas,Hardap","SSP245_2050","Without_Intervention","SSP245_2050_Without_Intervention",28845.2268715794,-2693.39570367011,-9.33740516467859,26152,-2693
"Sheep","Grazer-Mixed","Sheep_Grazer_Mixed",50,0.025,456.25,96924175.6765487,212436.549428052,"Forage-limited potential livestock carrying capacity",797331.445462821,797331.445462821,0,0,"Cluster","Cluster_6","Cluster F —    //Karas,Hardap","SSP245_2050","Without_Intervention","SSP245_2050_Without_Intervention",235860.152246633,-23423.6028185807,-9.93114037935804,212437,-23424
"Goats","Browser-Mixed","Goat_Browser_Mixed",45,0.025,410.625,76722785.5125881,186843.922100671,"Forage-limited potential livestock carrying capacity",797331.445462821,797331.445462821,0,0,"Cluster","Cluster_6","Cluster F —    //Karas,Hardap","SSP245_2050","Without_Intervention","SSP245_2050_Without_Intervention",212109.872320454,-25265.9502197833,-11.9117276076672,186844,-25266
"Donkeys","Grazer","Donkey_Grazer",180,0.015,985.5,92760202.5050152,94125.0152257891,"Forage-limited potential livestock carrying capacity",797331.445462821,797331.445462821,0,0,"Cluster","Cluster_6","Cluster F —    //Karas,Hardap","SSP245_2050","Without_Intervention","SSP245_2050_Without_Intervention",103589.98061294,-9464.96538715134,-9.1369506308885,94125,-9465
"Cattle","Grazer","Cattle_Grazer",450,0.022,3613.5,332277200.380273,91954.3933527806,"Forage-limited potential livestock carrying capacity",2738207.08076389,2738207.08076389,0,0,"Cluster","Cluster_1","Cluster A — South, Kunene South & Erongo","SSP245_2050","With_Intervention","SSP245_2050_With_Intervention",33470.3317783356,58484.061574445,174.734035986761,91954,58484
"Sheep","Grazer-Mixed","Sheep_Grazer_Mixed",50,0.025,456.25,345609506.109867,757500.287364091,"Forage-limited potential livestock carrying capacity",2738207.08076389,2738207.08076389,0,0,"Cluster","Cluster_1","Cluster A — South, Kunene South & Erongo","SSP245_2050","With_Intervention","SSP245_2050_With_Intervention",348550.070641285,408950.216722807,117.328972554903,757500,408950
"Goats","Browser-Mixed","Goat_Browser_Mixed",45,0.025,410.625,286523229.139783,697773.465180598,"Forage-limited potential livestock carrying capacity",2738207.08076389,2738207.08076389,0,0,"Cluster","Cluster_1","Cluster A — South, Kunene South & Erongo","SSP245_2050","With_Intervention","SSP245_2050_With_Intervention",534558.766796393,163214.698384204,30.5326015626586,697773,163215
"Donkeys","Grazer","Donkey_Grazer",180,0.015,985.5,328067148.776301,332894.113420905,"Forage-limited potential livestock carrying capacity",2738207.08076389,2738207.08076389,0,0,"Cluster","Cluster_1","Cluster A — South, Kunene South & Erongo","SSP245_2050","With_Intervention","SSP245_2050_With_Intervention",151327.117173194,181566.996247711,119.983119773509,332894,181567
"Cattle","Grazer","Cattle_Grazer",450,0.022,3613.5,102719319.253444,28426.5446944636,"Forage-limited potential livestock carrying capacity",783233.539348635,783028.13045805,205.408890584251,0.0262257526350412,"Cluster","Cluster_2","Cluster C — Kavango East, Kavango West & Zambezi","SSP245_2050","With_Intervention","SSP245_2050_With_Intervention",26179.2908248749,2247.25386958879,8.5840899381946,28427,2247
"Sheep","Grazer-Mixed","Sheep_Grazer_Mixed",50,0.025,456.25,128991242.460496,282720.531420265,"Forage-limited potential livestock carrying capacity",783233.539348635,783028.13045805,205.408890584251,0.0262257526350412,"Cluster","Cluster_2","Cluster C — Kavango East, Kavango West & Zambezi","SSP245_2050","With_Intervention","SSP245_2050_With_Intervention",276205.079904526,6515.45151573874,2.35891806117067,282721,6515
"Goats","Browser-Mixed","Goat_Browser_Mixed",45,0.025,410.625,156725970.050094,381676.639391401,"Forage-limited potential livestock carrying capacity",783233.539348635,783028.13045805,205.408890584251,0.0262257526350412,"Cluster","Cluster_2","Cluster C — Kavango East, Kavango West & Zambezi","SSP245_2050","With_Intervention","SSP245_2050_With_Intervention",408036.087843938,-26359.4484525371,-6.46007773278592,381677,-26359
"Donkeys","Grazer","Donkey_Grazer",180,0.015,985.5,103203890.712412,104722.365004984,"Forage-limited potential livestock carrying capacity",783233.539348635,783028.13045805,205.408890584251,0.0262257526350412,"Cluster","Cluster_2","Cluster C — Kavango East, Kavango West & Zambezi","SSP245_2050","With_Intervention","SSP245_2050_With_Intervention",98888.8277969702,5833.53720801375,5.89908621425936,104722,5834
"Cattle","Grazer","Cattle_Grazer",450,0.022,3613.5,1612632745.10269,446279.990342517,"Forage-limited potential livestock carrying capacity",5946321.81049356,5943714.64830331,2607.16219025292,0.0438449561483877,"Cluster","Cluster_3","Cluster B — Omaheke & Otjozondjupa (Central / Group 4)","SSP245_2050","With_Intervention","SSP245_2050_With_Intervention",151705.245023046,294574.745319472,194.175715727378,446280,294575
"Sheep","Grazer-Mixed","Sheep_Grazer_Mixed",50,0.025,456.25,1607560956.89147,3523421.27537857,"Forage-limited potential livestock carrying capacity",5946321.81049356,5943714.64830331,2607.16219025292,0.0438449561483877,"Cluster","Cluster_3","Cluster B — Omaheke & Otjozondjupa (Central / Group 4)","SSP245_2050","With_Intervention","SSP245_2050_With_Intervention",1815077.5955624,1708343.67981617,94.1195948863464,3523421,1708344
"Goats","Browser-Mixed","Goat_Browser_Mixed",45,0.025,410.625,1150281828.11704,2801295.16740831,"Forage-limited potential livestock carrying capacity",5946321.81049356,5943714.64830331,2607.16219025292,0.0438449561483877,"Cluster","Cluster_3","Cluster B — Omaheke & Otjozondjupa (Central / Group 4)","SSP245_2050","With_Intervention","SSP245_2050_With_Intervention",3343252.82188341,-541957.654475101,-16.2104897041496,2801295,-541958
"Donkeys","Grazer","Donkey_Grazer",180,0.015,985.5,1480808724.08269,1502596.37146899,"Forage-limited potential livestock carrying capacity",5946321.81049356,5943714.64830331,2607.16219025292,0.0438449561483877,"Cluster","Cluster_3","Cluster B — Omaheke & Otjozondjupa (Central / Group 4)","SSP245_2050","With_Intervention","SSP245_2050_With_Intervention",622096.564613485,880499.806855504,141.537480986182,1502596,880500
"Cattle","Grazer","Cattle_Grazer",450,0.022,3613.5,1007078215.31374,278698.828092912,"Forage-limited potential livestock carrying capacity",5126424.88987576,5126420.33986736,4.55000840686262,8.87559752576982e-05,"Cluster","Cluster_4","Cluster E — Kunene (North)","SSP245_2050","With_Intervention","SSP245_2050_With_Intervention",87602.6911852213,191096.136907691,218.139573479141,278699,191096
"Sheep","Grazer-Mixed","Sheep_Grazer_Mixed",50,0.025,456.25,1017676648.85685,2230524.16187802,"Forage-limited potential livestock carrying capacity",5126424.88987576,5126420.33986736,4.55000840686262,8.87559752576982e-05,"Cluster","Cluster_4","Cluster E — Kunene (North)","SSP245_2050","With_Intervention","SSP245_2050_With_Intervention",973357.352955851,1257166.80892217,129.157786203028,2230524,1257167
"Goats","Browser-Mixed","Goat_Browser_Mixed",45,0.025,410.625,765608244.541007,1864494.9638746,"Forage-limited potential livestock carrying capacity",5126424.88987576,5126420.33986736,4.55000840686262,8.87559752576982e-05,"Cluster","Cluster_4","Cluster E — Kunene (North)","SSP245_2050","With_Intervention","SSP245_2050_With_Intervention",1637859.30478519,226635.659089408,13.8373093725002,1864495,226636
"Donkeys","Grazer","Donkey_Grazer",180,0.015,985.5,947469576.466321,961410.021782162,"Forage-limited potential livestock carrying capacity",5126424.88987576,5126420.33986736,4.55000840686262,8.87559752576982e-05,"Cluster","Cluster_4","Cluster E — Kunene (North)","SSP245_2050","With_Intervention","SSP245_2050_With_Intervention",374777.86578512,586632.155997042,156.52796217517,961410,586632
"Cattle","Grazer","Cattle_Grazer",450,0.022,3613.5,321972986.78641,89102.8052542993,"Forage-limited potential livestock carrying capacity",1422473.1935077,1422357.15426626,116.039241438033,0.00815756964473194,"Cluster","Cluster_5","Cluster D — Omusati, Oshana, Oshikoto & Ohangwena","SSP245_2050","With_Intervention","SSP245_2050_With_Intervention",64894.0051317476,24208.8001225517,37.3051410117207,89103,24209
"Sheep","Grazer-Mixed","Sheep_Grazer_Mixed",50,0.025,456.25,336991248.856093,738610.956396917,"Forage-limited potential livestock carrying capacity",1422473.1935077,1422357.15426626,116.039241438033,0.00815756964473194,"Cluster","Cluster_5","Cluster D — Omusati, Oshana, Oshikoto & Ohangwena","SSP245_2050","With_Intervention","SSP245_2050_With_Intervention",600719.660782357,137891.29561456,22.9543503595297,738611,137891
"Goats","Browser-Mixed","Goat_Browser_Mixed",45,0.025,410.625,287067489.658403,699098.909365974,"Forage-limited potential livestock carrying capacity",1422473.1935077,1422357.15426626,116.039241438033,0.00815756964473194,"Cluster","Cluster_5","Cluster D — Omusati, Oshana, Oshikoto & Ohangwena","SSP245_2050","With_Intervention","SSP245_2050_With_Intervention",748256.773497439,-49157.8641314652,-6.56965173889381,699099,-49158
"Donkeys","Grazer","Donkey_Grazer",180,0.015,985.5,301656287.772725,306094.660347768,"Forage-limited potential livestock carrying capacity",1422473.1935077,1422357.15426626,116.039241438033,0.00815756964473194,"Cluster","Cluster_5","Cluster D — Omusati, Oshana, Oshikoto & Ohangwena","SSP245_2050","With_Intervention","SSP245_2050_With_Intervention",233289.466055874,72805.1942918934,31.2080933283358,306095,72805
"Cattle","Grazer","Cattle_Grazer",450,0.022,3613.5,136423022.812724,37753.7077107302,"Forage-limited potential livestock carrying capacity",797331.445462821,797331.445462821,0,0,"Cluster","Cluster_6","Cluster F —    //Karas,Hardap","SSP245_2050","With_Intervention","SSP245_2050_With_Intervention",28845.2268715794,8908.4808391508,30.8837260279209,37754,8908
"Sheep","Grazer-Mixed","Sheep_Grazer_Mixed",50,0.025,456.25,134823307.392241,295503.139489843,"Forage-limited potential livestock carrying capacity",797331.445462821,797331.445462821,0,0,"Cluster","Cluster_6","Cluster F —    //Karas,Hardap","SSP245_2050","With_Intervention","SSP245_2050_With_Intervention",235860.152246633,59642.9872432101,25.2874369303565,295503,59643
"Goats","Browser-Mixed","Goat_Browser_Mixed",45,0.025,410.625,93102907.2454901,226734.629517175,"Forage-limited potential livestock carrying capacity",797331.445462821,797331.445462821,0,0,"Cluster","Cluster_6","Cluster F —    //Karas,Hardap","SSP245_2050","With_Intervention","SSP245_2050_With_Intervention",212109.872320454,14624.7571967208,6.89489698745648,226735,14625
"Donkeys","Grazer","Donkey_Grazer",180,0.015,985.5,128531711.657528,130422.842879277,"Forage-limited potential livestock carrying capacity",797331.445462821,797331.445462821,0,0,"Cluster","Cluster_6","Cluster F —    //Karas,Hardap","SSP245_2050","With_Intervention","SSP245_2050_With_Intervention",103589.98061294,26832.8622663368,25.9029513352229,130423,26833
"Cattle","Grazer","Cattle_Grazer",450,0.022,3613.5,99234430.2279992,27462.1364959179,"Forage-limited potential livestock carrying capacity",2738207.08076389,2738207.08076389,0,0,"Cluster","Cluster_1","Cluster A — South, Kunene South & Erongo","SSP245_2090","Without_Intervention","SSP245_2090_Without_Intervention",33470.3317783356,-6008.1952824177,-17.9508088602415,27462,-6008
"Sheep","Grazer-Mixed","Sheep_Grazer_Mixed",50,0.025,456.25,136879613.34567,300010.111442564,"Forage-limited potential livestock carrying capacity",2738207.08076389,2738207.08076389,0,0,"Cluster","Cluster_1","Cluster A — South, Kunene South & Erongo","SSP245_2090","Without_Intervention","SSP245_2090_Without_Intervention",348550.070641285,-48539.9591987209,-13.9262514305087,300010,-48540
"Goats","Browser-Mixed","Goat_Browser_Mixed",45,0.025,410.625,202286726.013944,492631.296228783,"Forage-limited potential livestock carrying capacity",2738207.08076389,2738207.08076389,0,0,"Cluster","Cluster_1","Cluster A — South, Kunene South & Erongo","SSP245_2090","Without_Intervention","SSP245_2090_Without_Intervention",534558.766796393,-41927.4705676098,-7.84337909541375,492631,-41927
"Donkeys","Grazer","Donkey_Grazer",180,0.015,985.5,128006020.060555,129889.416601274,"Forage-limited potential livestock carrying capacity",2738207.08076389,2738207.08076389,0,0,"Cluster","Cluster_1","Cluster A — South, Kunene South & Erongo","SSP245_2090","Without_Intervention","SSP245_2090_Without_Intervention",151327.117173194,-21437.7005719198,-14.1664633361015,129889,-21438
"Cattle","Grazer","Cattle_Grazer",450,0.022,3613.5,82700860.4630427,22886.6363534088,"Forage-limited potential livestock carrying capacity",783233.539348635,783233.539348635,0,0,"Cluster","Cluster_2","Cluster C — Kavango East, Kavango West & Zambezi","SSP245_2090","Without_Intervention","SSP245_2090_Without_Intervention",26179.2908248749,-3292.65447146607,-12.5773249301982,22887,-3293
"Sheep","Grazer-Mixed","Sheep_Grazer_Mixed",50,0.025,456.25,114817363.539445,251654.49542892,"Forage-limited potential livestock carrying capacity",783233.539348635,783233.539348635,0,0,"Cluster","Cluster_2","Cluster C — Kavango East, Kavango West & Zambezi","SSP245_2090","Without_Intervention","SSP245_2090_Without_Intervention",276205.079904526,-24550.5844756057,-8.888534738062,251654,-24551
"Goats","Browser-Mixed","Goat_Browser_Mixed",45,0.025,410.625,159819319.033126,389209.909365299,"Forage-limited potential livestock carrying capacity",783233.539348635,783233.539348635,0,0,"Cluster","Cluster_2","Cluster C — Kavango East, Kavango West & Zambezi","SSP245_2090","Without_Intervention","SSP245_2090_Without_Intervention",408036.087843938,-18826.1784786392,-4.61385133313004,389210,-18826
"Donkeys","Grazer","Donkey_Grazer",180,0.015,985.5,87389999.5746065,88675.7986551056,"Forage-limited potential livestock carrying capacity",783233.539348635,783233.539348635,0,0,"Cluster","Cluster_2","Cluster C — Kavango East, Kavango West & Zambezi","SSP245_2090","Without_Intervention","SSP245_2090_Without_Intervention",98888.8277969702,-10213.0291418646,-10.3277886586269,88676,-10213
"Cattle","Grazer","Cattle_Grazer",450,0.022,3613.5,484569612.111531,134099.795796743,"Forage-limited potential livestock carrying capacity",5946321.81049356,5946321.81049356,0,0,"Cluster","Cluster_3","Cluster B — Omaheke & Otjozondjupa (Central / Group 4)","SSP245_2090","Without_Intervention","SSP245_2090_Without_Intervention",151705.245023046,-17605.4492263027,-11.6050366113764,134100,-17605
"Sheep","Grazer-Mixed","Sheep_Grazer_Mixed",50,0.025,456.25,750446437.426895,1644814.10942881,"Forage-limited potential livestock carrying capacity",5946321.81049356,5946321.81049356,0,0,"Cluster","Cluster_3","Cluster B — Omaheke & Otjozondjupa (Central / Group 4)","SSP245_2090","Without_Intervention","SSP245_2090_Without_Intervention",1815077.5955624,-170263.48613359,-9.38050728794511,1644814,-170263
"Goats","Browser-Mixed","Goat_Browser_Mixed",45,0.025,410.625,1276954239.03927,3109782.01288101,"Forage-limited potential livestock carrying capacity",5946321.81049356,5946321.81049356,0,0,"Cluster","Cluster_3","Cluster B — Omaheke & Otjozondjupa (Central / Group 4)","SSP245_2090","Without_Intervention","SSP245_2090_Without_Intervention",3343252.82188341,-233470.8090024,-6.98334291305182,3109782,-233471
"Donkeys","Grazer","Donkey_Grazer",180,0.015,985.5,549429939.564033,557513.89098329,"Forage-limited potential livestock carrying capacity",5946321.81049356,5946321.81049356,0,0,"Cluster","Cluster_3","Cluster B — Omaheke & Otjozondjupa (Central / Group 4)","SSP245_2090","Without_Intervention","SSP245_2090_Without_Intervention",622096.564613485,-64582.6736301949,-10.3814547939709,557514,-64583
"Cattle","Grazer","Cattle_Grazer",450,0.022,3613.5,274649799.463641,76006.586263634,"Forage-limited potential livestock carrying capacity",5126424.88987576,5126424.88987576,0,0,"Cluster","Cluster_4","Cluster E — Kunene (North)","SSP245_2090","Without_Intervention","SSP245_2090_Without_Intervention",87602.6911852213,-11596.1049215873,-13.2371560333338,76007,-11596
"Sheep","Grazer-Mixed","Sheep_Grazer_Mixed",50,0.025,456.25,397484538.688596,871198.988906513,"Forage-limited potential livestock carrying capacity",5126424.88987576,5126424.88987576,0,0,"Cluster","Cluster_4","Cluster E — Kunene (North)","SSP245_2090","Without_Intervention","SSP245_2090_Without_Intervention",973357.352955851,-102158.364049338,-10.4954633299998,871199,-102158
"Goats","Browser-Mixed","Goat_Browser_Mixed",45,0.025,410.625,625822396.89687,1524072.80827244,"Forage-limited potential livestock carrying capacity",5126424.88987576,5126424.88987576,0,0,"Cluster","Cluster_4","Cluster E — Kunene (North)","SSP245_2090","Without_Intervention","SSP245_2090_Without_Intervention",1637859.30478519,-113786.496512754,-6.94726929109928,1524073,-113786
"Donkeys","Grazer","Donkey_Grazer",180,0.015,985.5,328026398.561139,332852.763633829,"Forage-limited potential livestock carrying capacity",5126424.88987576,5126424.88987576,0,0,"Cluster","Cluster_4","Cluster E — Kunene (North)","SSP245_2090","Without_Intervention","SSP245_2090_Without_Intervention",374777.86578512,-41925.1021512907,-11.1866537431345,332853,-41925
"Cattle","Grazer","Cattle_Grazer",450,0.022,3613.5,216173923.56748,59823.9722063041,"Forage-limited potential livestock carrying capacity",1422473.1935077,1422473.1935077,0,0,"Cluster","Cluster_5","Cluster D — Omusati, Oshana, Oshikoto & Ohangwena","SSP245_2090","Without_Intervention","SSP245_2090_Without_Intervention",64894.0051317476,-5070.03292544348,-7.81279089670967,59824,-5070
"Sheep","Grazer-Mixed","Sheep_Grazer_Mixed",50,0.025,456.25,255109209.900082,559143.473753605,"Forage-limited potential livestock carrying capacity",1422473.1935077,1422473.1935077,0,0,"Cluster","Cluster_5","Cluster D — Omusati, Oshana, Oshikoto & Ohangwena","SSP245_2090","Without_Intervention","SSP245_2090_Without_Intervention",600719.660782357,-41576.1870287515,-6.92106314193281,559143,-41576
"Goats","Browser-Mixed","Goat_Browser_Mixed",45,0.025,410.625,292358500.256643,711984.171096846,"Forage-limited potential livestock carrying capacity",1422473.1935077,1422473.1935077,0,0,"Cluster","Cluster_5","Cluster D — Omusati, Oshana, Oshikoto & Ohangwena","SSP245_2090","Without_Intervention","SSP245_2090_Without_Intervention",748256.773497439,-36272.6024005926,-4.84761430638981,711984,-36273
"Donkeys","Grazer","Donkey_Grazer",180,0.015,985.5,213918983.073548,217066.446548501,"Forage-limited potential livestock carrying capacity",1422473.1935077,1422473.1935077,0,0,"Cluster","Cluster_5","Cluster D — Omusati, Oshana, Oshikoto & Ohangwena","SSP245_2090","Without_Intervention","SSP245_2090_Without_Intervention",233289.466055874,-16223.0195073729,-6.9540300218645,217066,-16223
"Cattle","Grazer","Cattle_Grazer",450,0.022,3613.5,90115303.0544493,24938.5092166734,"Forage-limited potential livestock carrying capacity",797331.445462821,797331.445462821,0,0,"Cluster","Cluster_6","Cluster F —    //Karas,Hardap","SSP245_2090","Without_Intervention","SSP245_2090_Without_Intervention",28845.2268715794,-3906.71765490604,-13.5437230994887,24939,-3907
"Sheep","Grazer-Mixed","Sheep_Grazer_Mixed",50,0.025,456.25,92404582.9873842,202530.592849061,"Forage-limited potential livestock carrying capacity",797331.445462821,797331.445462821,0,0,"Cluster","Cluster_6","Cluster F —    //Karas,Hardap","SSP245_2090","Without_Intervention","SSP245_2090_Without_Intervention",235860.152246633,-33329.5593975714,-14.1310683810293,202531,-33330
"Goats","Browser-Mixed","Goat_Browser_Mixed",45,0.025,410.625,73079712.6135482,177971.902864044,"Forage-limited potential livestock carrying capacity",797331.445462821,797331.445462821,0,0,"Cluster","Cluster_6","Cluster F —    //Karas,Hardap","SSP245_2090","Without_Intervention","SSP245_2090_Without_Intervention",212109.872320454,-34137.9694564101,-16.0944745678007,177972,-34138
"Donkeys","Grazer","Donkey_Grazer",180,0.015,985.5,88583632.2418498,89886.9936497715,"Forage-limited potential livestock carrying capacity",797331.445462821,797331.445462821,0,0,"Cluster","Cluster_6","Cluster F —    //Karas,Hardap","SSP245_2090","Without_Intervention","SSP245_2090_Without_Intervention",103589.98061294,-13702.9869631689,-13.2281007121428,89887,-13703
"Cattle","Grazer","Cattle_Grazer",450,0.022,3613.5,315617513.604452,87343.9915883359,"Forage-limited potential livestock carrying capacity",2738207.08076389,2738207.08076389,0,0,"Cluster","Cluster_1","Cluster A — South, Kunene South & Erongo","SSP245_2090","With_Intervention","SSP245_2090_With_Intervention",33470.3317783356,53873.6598100004,160.959443625448,87344,53874
"Sheep","Grazer-Mixed","Sheep_Grazer_Mixed",50,0.025,456.25,328619627.72797,720262.197759933,"Forage-limited potential livestock carrying capacity",2738207.08076389,2738207.08076389,0,0,"Cluster","Cluster_1","Cluster A — South, Kunene South & Erongo","SSP245_2090","With_Intervention","SSP245_2090_With_Intervention",348550.070641285,371712.127118649,106.645259441419,720262,371712
"Goats","Browser-Mixed","Goat_Browser_Mixed",45,0.025,410.625,273325444.167606,665632.740743027,"Forage-limited potential livestock carrying capacity",2738207.08076389,2738207.08076389,0,0,"Cluster","Cluster_1","Cluster A — South, Kunene South & Erongo","SSP245_2090","With_Intervention","SSP245_2090_With_Intervention",534558.766796393,131073.973946634,24.5200307408967,665633,131074
"Donkeys","Grazer","Donkey_Grazer",180,0.015,985.5,311838457.32491,316426.643657951,"Forage-limited potential livestock carrying capacity",2738207.08076389,2738207.08076389,0,0,"Cluster","Cluster_1","Cluster A — South, Kunene South & Erongo","SSP245_2090","With_Intervention","SSP245_2090_With_Intervention",151327.117173194,165099.526484757,109.101084834518,316427,165100
"Cattle","Grazer","Cattle_Grazer",450,0.022,3613.5,101565910.708285,28107.3504104842,"Forage-limited potential livestock carrying capacity",783233.539348635,783157.332515867,76.2068327676971,0.00972977138224615,"Cluster","Cluster_2","Cluster C — Kavango East, Kavango West & Zambezi","SSP245_2090","With_Intervention","SSP245_2090_With_Intervention",26179.2908248749,1928.05958560935,7.3648274069264,28107,1928
"Sheep","Grazer-Mixed","Sheep_Grazer_Mixed",50,0.025,456.25,127859059.622219,280239.034788424,"Forage-limited potential livestock carrying capacity",783233.539348635,783157.332515867,76.2068327676971,0.00972977138224615,"Cluster","Cluster_2","Cluster C — Kavango East, Kavango West & Zambezi","SSP245_2090","With_Intervention","SSP245_2090_With_Intervention",276205.079904526,4033.95488389826,1.46049264745335,280239,4034
"Goats","Browser-Mixed","Goat_Browser_Mixed",45,0.025,410.625,155241005.954534,378060.288473751,"Forage-limited potential livestock carrying capacity",783233.539348635,783157.332515867,76.2068327676971,0.00972977138224615,"Cluster","Cluster_2","Cluster C — Kavango East, Kavango West & Zambezi","SSP245_2090","With_Intervention","SSP245_2090_With_Intervention",408036.087843938,-29975.799370187,-7.34635985963375,378060,-29976
"Donkeys","Grazer","Donkey_Grazer",180,0.015,985.5,102298419.900445,103803.571689949,"Forage-limited potential livestock carrying capacity",783233.539348635,783157.332515867,76.2068327676971,0.00972977138224615,"Cluster","Cluster_2","Cluster C — Kavango East, Kavango West & Zambezi","SSP245_2090","With_Intervention","SSP245_2090_With_Intervention",98888.8277969702,4914.74389297901,4.96996880483762,103804,4915
"Cattle","Grazer","Cattle_Grazer",450,0.022,3613.5,1560068496.07901,431733.359922239,"Forage-limited potential livestock carrying capacity",5946321.81049356,5946321.81049356,0,0,"Cluster","Cluster_3","Cluster B — Omaheke & Otjozondjupa (Central / Group 4)","SSP245_2090","With_Intervention","SSP245_2090_With_Intervention",151705.245023046,280028.114899194,184.586969855033,431733,280028
"Sheep","Grazer-Mixed","Sheep_Grazer_Mixed",50,0.025,456.25,1555290142.79512,3408855.10749615,"Forage-limited potential livestock carrying capacity",5946321.81049356,5946321.81049356,0,0,"Cluster","Cluster_3","Cluster B — Omaheke & Otjozondjupa (Central / Group 4)","SSP245_2090","With_Intervention","SSP245_2090_With_Intervention",1815077.5955624,1593777.51193375,87.8076791774799,3408855,1593778
"Goats","Browser-Mixed","Goat_Browser_Mixed",45,0.025,410.625,1113138229.92388,2710838.91610078,"Forage-limited potential livestock carrying capacity",5946321.81049356,5946321.81049356,0,0,"Cluster","Cluster_3","Cluster B — Omaheke & Otjozondjupa (Central / Group 4)","SSP245_2090","With_Intervention","SSP245_2090_With_Intervention",3343252.82188341,-632413.905782632,-18.9161256858332,2710839,-632414
"Donkeys","Grazer","Donkey_Grazer",180,0.015,985.5,1432622483.09721,1453701.14976886,"Forage-limited potential livestock carrying capacity",5946321.81049356,5946321.81049356,0,0,"Cluster","Cluster_3","Cluster B — Omaheke & Otjozondjupa (Central / Group 4)","SSP245_2090","With_Intervention","SSP245_2090_With_Intervention",622096.564613485,831604.585155378,133.677733081851,1453701,831605
"Cattle","Grazer","Cattle_Grazer",450,0.022,3613.5,958761710.10971,265327.718309038,"Forage-limited potential livestock carrying capacity",5126424.88987576,5126424.88987576,0,0,"Cluster","Cluster_4","Cluster E — Kunene (North)","SSP245_2090","With_Intervention","SSP245_2090_With_Intervention",87602.6911852213,177725.027123817,202.876218434942,265328,177725
"Sheep","Grazer-Mixed","Sheep_Grazer_Mixed",50,0.025,456.25,969104103.747359,2124063.78903531,"Forage-limited potential livestock carrying capacity",5126424.88987576,5126424.88987576,0,0,"Cluster","Cluster_4","Cluster E — Kunene (North)","SSP245_2090","With_Intervention","SSP245_2090_With_Intervention",973357.352955851,1150706.43607946,118.220346575185,2124064,1150706
"Goats","Browser-Mixed","Goat_Browser_Mixed",45,0.025,410.625,729774073.961494,1777227.57737959,"Forage-limited potential livestock carrying capacity",5126424.88987576,5126424.88987576,0,0,"Cluster","Cluster_4","Cluster E — Kunene (North)","SSP245_2090","With_Intervention","SSP245_2090_With_Intervention",1637859.30478519,139368.272594399,8.50917244156559,1777228,139368
"Donkeys","Grazer","Donkey_Grazer",180,0.015,985.5,902104673.15632,915377.649067803,"Forage-limited potential livestock carrying capacity",5126424.88987576,5126424.88987576,0,0,"Cluster","Cluster_4","Cluster E — Kunene (North)","SSP245_2090","With_Intervention","SSP245_2090_With_Intervention",374777.86578512,540599.783282683,144.245387104221,915378,540600
"Cattle","Grazer","Cattle_Grazer",450,0.022,3613.5,312087194.503598,86367.0110705959,"Forage-limited potential livestock carrying capacity",1422473.1935077,1422434.96924395,38.2242637518793,0.0026871693559034,"Cluster","Cluster_5","Cluster D — Omusati, Oshana, Oshikoto & Ohangwena","SSP245_2090","With_Intervention","SSP245_2090_With_Intervention",64894.0051317476,21473.0059388483,33.0893522371656,86367,21473
"Sheep","Grazer-Mixed","Sheep_Grazer_Mixed",50,0.025,456.25,326547141.185279,715719.76150198,"Forage-limited potential livestock carrying capacity",1422473.1935077,1422434.96924395,38.2242637518793,0.0026871693559034,"Cluster","Cluster_5","Cluster D — Omusati, Oshana, Oshikoto & Ohangwena","SSP245_2090","With_Intervention","SSP245_2090_With_Intervention",600719.660782357,115000.100719624,19.1437218102453,715720,115000
"Goats","Browser-Mixed","Goat_Browser_Mixed",45,0.025,410.625,277619825.042117,676090.898123877,"Forage-limited potential livestock carrying capacity",1422473.1935077,1422434.96924395,38.2242637518793,0.0026871693559034,"Cluster","Cluster_5","Cluster D — Omusati, Oshana, Oshikoto & Ohangwena","SSP245_2090","With_Intervention","SSP245_2090_With_Intervention",748256.773497439,-72165.8753735622,-9.64453352506928,676091,-72166
"Donkeys","Grazer","Donkey_Grazer",180,0.015,985.5,292457515.008735,296760.542880502,"Forage-limited potential livestock carrying capacity",1422473.1935077,1422434.96924395,38.2242637518793,0.0026871693559034,"Cluster","Cluster_5","Cluster D — Omusati, Oshana, Oshikoto & Ohangwena","SSP245_2090","With_Intervention","SSP245_2090_With_Intervention",233289.466055874,63471.0768246281,27.2070050558676,296761,63471
"Cattle","Grazer","Cattle_Grazer",450,0.022,3613.5,130760253.340563,36186.5928713333,"Forage-limited potential livestock carrying capacity",797331.445462821,797331.445462821,0,0,"Cluster","Cluster_6","Cluster F —    //Karas,Hardap","SSP245_2090","With_Intervention","SSP245_2090_With_Intervention",28845.2268715794,7341.36599975391,25.4508866664079,36187,7341
"Sheep","Grazer-Mixed","Sheep_Grazer_Mixed",50,0.025,456.25,129204972.52911,283188.980885721,"Forage-limited potential livestock carrying capacity",797331.445462821,797331.445462821,0,0,"Cluster","Cluster_6","Cluster F —    //Karas,Hardap","SSP245_2090","With_Intervention","SSP245_2090_With_Intervention",235860.152246633,47328.828639088,20.066479304905,283189,47329
"Goats","Browser-Mixed","Goat_Browser_Mixed",45,0.025,410.625,89159073.8577376,217130.164645936,"Forage-limited potential livestock carrying capacity",797331.445462821,797331.445462821,0,0,"Cluster","Cluster_6","Cluster F —    //Karas,Hardap","SSP245_2090","With_Intervention","SSP245_2090_With_Intervention",212109.872320454,5020.29232548192,2.36683576797278,217130,5020
"Donkeys","Grazer","Donkey_Grazer",180,0.015,985.5,123276044.859331,125089.84765026,"Forage-limited potential livestock carrying capacity",797331.445462821,797331.445462821,0,0,"Cluster","Cluster_6","Cluster F —    //Karas,Hardap","SSP245_2090","With_Intervention","SSP245_2090_With_Intervention",103589.98061294,21499.8670373197,20.7547746510862,125090,21500
"Cattle","Grazer","Cattle_Grazer",450,0.022,3613.5,102715319.271931,28425.4377395686,"Forage-limited potential livestock carrying capacity",2738207.08076389,2738207.08076389,0,0,"Cluster","Cluster_1","Cluster A — South, Kunene South & Erongo","SSP585_2050","Without_Intervention","SSP585_2050_Without_Intervention",33470.3317783356,-5044.894038767,-15.0727338831831,28425,-5045
"Sheep","Grazer-Mixed","Sheep_Grazer_Mixed",50,0.025,456.25,140518231.16612,307985.164199715,"Forage-limited potential livestock carrying capacity",2738207.08076389,2738207.08076389,0,0,"Cluster","Cluster_1","Cluster A — South, Kunene South & Erongo","SSP585_2050","Without_Intervention","SSP585_2050_Without_Intervention",348550.070641285,-40564.9064415695,-11.6381862631488,307985,-40565
"Goats","Browser-Mixed","Goat_Browser_Mixed",45,0.025,410.625,205344138.614918,500077.049899343,"Forage-limited potential livestock carrying capacity",2738207.08076389,2738207.08076389,0,0,"Cluster","Cluster_1","Cluster A — South, Kunene South & Erongo","SSP585_2050","Without_Intervention","SSP585_2050_Without_Intervention",534558.766796393,-34481.7168970507,-6.45050068184259,500077,-34482
"Donkeys","Grazer","Donkey_Grazer",180,0.015,985.5,131773668.786938,133712.500037481,"Forage-limited potential livestock carrying capacity",2738207.08076389,2738207.08076389,0,0,"Cluster","Cluster_1","Cluster A — South, Kunene South & Erongo","SSP585_2050","Without_Intervention","SSP585_2050_Without_Intervention",151327.117173194,-17614.6171357124,-11.6400929752415,133713,-17615
"Cattle","Grazer","Cattle_Grazer",450,0.022,3613.5,84678617.0510655,23433.9607170515,"Forage-limited potential livestock carrying capacity",783233.539348635,783112.023568523,121.515780112008,0.0155146292909091,"Cluster","Cluster_2","Cluster C — Kavango East, Kavango West & Zambezi","SSP585_2050","Without_Intervention","SSP585_2050_Without_Intervention",26179.2908248749,-2745.33010782337,-10.4866481150621,23434,-2745
"Sheep","Grazer-Mixed","Sheep_Grazer_Mixed",50,0.025,456.25,116485766.669129,255311.269411789,"Forage-limited potential livestock carrying capacity",783233.539348635,783112.023568523,121.515780112008,0.0155146292909091,"Cluster","Cluster_2","Cluster C — Kavango East, Kavango West & Zambezi","SSP585_2050","Without_Intervention","SSP585_2050_Without_Intervention",276205.079904526,-20893.8104927374,-7.56460036866795,255311,-20894
"Goats","Browser-Mixed","Goat_Browser_Mixed",45,0.025,410.625,160451415.990942,390749.262687227,"Forage-limited potential livestock carrying capacity",783233.539348635,783112.023568523,121.515780112008,0.0155146292909091,"Cluster","Cluster_2","Cluster C — Kavango East, Kavango West & Zambezi","SSP585_2050","Without_Intervention","SSP585_2050_Without_Intervention",408036.087843938,-17286.8251567116,-4.23659222105946,390749,-17287
"Donkeys","Grazer","Donkey_Grazer",180,0.015,985.5,88977255.9262192,90286.4088546111,"Forage-limited potential livestock carrying capacity",783233.539348635,783112.023568523,121.515780112008,0.0155146292909091,"Cluster","Cluster_2","Cluster C — Kavango East, Kavango West & Zambezi","SSP585_2050","Without_Intervention","SSP585_2050_Without_Intervention",98888.8277969702,-8602.4189423591,-8.69908070911795,90286,-8602
"Cattle","Grazer","Cattle_Grazer",450,0.022,3613.5,488424864.409983,135166.698328486,"Forage-limited potential livestock carrying capacity",5946321.81049356,5943714.64830331,2607.16219025292,0.0438449561483877,"Cluster","Cluster_3","Cluster B — Omaheke & Otjozondjupa (Central / Group 4)","SSP585_2050","Without_Intervention","SSP585_2050_Without_Intervention",151705.245023046,-16538.5466945599,-10.9017632792113,135167,-16539
"Sheep","Grazer-Mixed","Sheep_Grazer_Mixed",50,0.025,456.25,753428223.901178,1651349.5318382,"Forage-limited potential livestock carrying capacity",5946321.81049356,5943714.64830331,2607.16219025292,0.0438449561483877,"Cluster","Cluster_3","Cluster B — Omaheke & Otjozondjupa (Central / Group 4)","SSP585_2050","Without_Intervention","SSP585_2050_Without_Intervention",1815077.5955624,-163728.063724204,-9.02044431182969,1651350,-163728
"Goats","Browser-Mixed","Goat_Browser_Mixed",45,0.025,410.625,1276799058.93756,3109404.10091338,"Forage-limited potential livestock carrying capacity",5946321.81049356,5943714.64830331,2607.16219025292,0.0438449561483877,"Cluster","Cluster_3","Cluster B — Omaheke & Otjozondjupa (Central / Group 4)","SSP585_2050","Without_Intervention","SSP585_2050_Without_Intervention",3343252.82188341,-233848.720970031,-6.99464663394177,3109404,-233849
"Donkeys","Grazer","Donkey_Grazer",180,0.015,985.5,552599741.446979,560730.331250106,"Forage-limited potential livestock carrying capacity",5946321.81049356,5943714.64830331,2607.16219025292,0.0438449561483877,"Cluster","Cluster_3","Cluster B — Omaheke & Otjozondjupa (Central / Group 4)","SSP585_2050","Without_Intervention","SSP585_2050_Without_Intervention",622096.564613485,-61366.2333633796,-9.86442247941155,560730,-61366
"Cattle","Grazer","Cattle_Grazer",450,0.022,3613.5,281941094.90558,78024.379384414,"Forage-limited potential livestock carrying capacity",5126424.88987576,5126420.33986736,4.55000840686262,8.87559752576982e-05,"Cluster","Cluster_4","Cluster E — Kunene (North)","SSP585_2050","Without_Intervention","SSP585_2050_Without_Intervention",87602.6911852213,-9578.31180080723,-10.9338099905578,78024,-9578
"Sheep","Grazer-Mixed","Sheep_Grazer_Mixed",50,0.025,456.25,405917030.319293,889681.162343657,"Forage-limited potential livestock carrying capacity",5126424.88987576,5126420.33986736,4.55000840686262,8.87559752576982e-05,"Cluster","Cluster_4","Cluster E — Kunene (North)","SSP585_2050","Without_Intervention","SSP585_2050_Without_Intervention",973357.352955851,-83676.1906121944,-8.59665675284519,889681,-83676
"Goats","Browser-Mixed","Goat_Browser_Mixed",45,0.025,410.625,635040001.825037,1546520.55238974,"Forage-limited potential livestock carrying capacity",5126424.88987576,5126420.33986736,4.55000840686262,8.87559752576982e-05,"Cluster","Cluster_4","Cluster E — Kunene (North)","SSP585_2050","Without_Intervention","SSP585_2050_Without_Intervention",1637859.30478519,-91338.7523954513,-5.57671541924235,1546521,-91339
"Donkeys","Grazer","Donkey_Grazer",180,0.015,985.5,335866658.827778,340808.380342748,"Forage-limited potential livestock carrying capacity",5126424.88987576,5126420.33986736,4.55000840686262,8.87559752576982e-05,"Cluster","Cluster_4","Cluster E — Kunene (North)","SSP585_2050","Without_Intervention","SSP585_2050_Without_Intervention",374777.86578512,-33969.4854423723,-9.06389852325186,340808,-33969
"Cattle","Grazer","Cattle_Grazer",450,0.022,3613.5,216652405.733328,59956.3873622051,"Forage-limited potential livestock carrying capacity",1422473.1935077,1422382.14716143,91.0463462725747,0.00640056675149442,"Cluster","Cluster_5","Cluster D — Omusati, Oshana, Oshikoto & Ohangwena","SSP585_2050","Without_Intervention","SSP585_2050_Without_Intervention",64894.0051317476,-4937.61776954246,-7.60874253256232,59956,-4938
"Sheep","Grazer-Mixed","Sheep_Grazer_Mixed",50,0.025,456.25,255218522.568993,559383.063164916,"Forage-limited potential livestock carrying capacity",1422473.1935077,1422382.14716143,91.0463462725747,0.00640056675149442,"Cluster","Cluster_5","Cluster D — Omusati, Oshana, Oshikoto & Ohangwena","SSP585_2050","Without_Intervention","SSP585_2050_Without_Intervention",600719.660782357,-41336.5976174409,-6.88117941130901,559383,-41337
"Goats","Browser-Mixed","Goat_Browser_Mixed",45,0.025,410.625,291386823.267992,709617.8344426,"Forage-limited potential livestock carrying capacity",1422473.1935077,1422382.14716143,91.0463462725747,0.00640056675149442,"Cluster","Cluster_5","Cluster D — Omusati, Oshana, Oshikoto & Ohangwena","SSP585_2050","Without_Intervention","SSP585_2050_Without_Intervention",748256.773497439,-38638.9390548394,-5.16386091291049,709618,-38639
"Donkeys","Grazer","Donkey_Grazer",180,0.015,985.5,214089174.20297,217239.141758468,"Forage-limited potential livestock carrying capacity",1422473.1935077,1422382.14716143,91.0463462725747,0.00640056675149442,"Cluster","Cluster_5","Cluster D — Omusati, Oshana, Oshikoto & Ohangwena","SSP585_2050","Without_Intervention","SSP585_2050_Without_Intervention",233289.466055874,-16050.3242974064,-6.88000387191174,217239,-16050
"Cattle","Grazer","Cattle_Grazer",450,0.022,3613.5,91049984.7140946,25197.1730217503,"Forage-limited potential livestock carrying capacity",797331.445462821,797331.445462821,0,0,"Cluster","Cluster_6","Cluster F —    //Karas,Hardap","SSP585_2050","Without_Intervention","SSP585_2050_Without_Intervention",28845.2268715794,-3648.05384982915,-12.6469930920304,25197,-3648
"Sheep","Grazer-Mixed","Sheep_Grazer_Mixed",50,0.025,456.25,93401512.7963584,204715.644485169,"Forage-limited potential livestock carrying capacity",797331.445462821,797331.445462821,0,0,"Cluster","Cluster_6","Cluster F —    //Karas,Hardap","SSP585_2050","Without_Intervention","SSP585_2050_Without_Intervention",235860.152246633,-31144.5077614635,-13.2046500711559,204716,-31145
"Goats","Browser-Mixed","Goat_Browser_Mixed",45,0.025,410.625,73975699.9088905,180153.911498059,"Forage-limited potential livestock carrying capacity",797331.445462821,797331.445462821,0,0,"Cluster","Cluster_6","Cluster F —    //Karas,Hardap","SSP585_2050","Without_Intervention","SSP585_2050_Without_Intervention",212109.872320454,-31955.9608223955,-15.0657583604202,180154,-31956
"Donkeys","Grazer","Donkey_Grazer",180,0.015,985.5,89391337.6179867,90706.5830725385,"Forage-limited potential livestock carrying capacity",797331.445462821,797331.445462821,0,0,"Cluster","Cluster_6","Cluster F —    //Karas,Hardap","SSP585_2050","Without_Intervention","SSP585_2050_Without_Intervention",103589.98061294,-12883.3975404019,-12.4369147133449,90707,-12883
"Cattle","Grazer","Cattle_Grazer",450,0.022,3613.5,323044477.416972,89399.329574366,"Forage-limited potential livestock carrying capacity",2738207.08076389,2738207.08076389,0,0,"Cluster","Cluster_1","Cluster A — South, Kunene South & Erongo","SSP585_2050","With_Intervention","SSP585_2050_With_Intervention",33470.3317783356,55928.9977960304,167.100219282056,89399,55929
"Sheep","Grazer-Mixed","Sheep_Grazer_Mixed",50,0.025,456.25,335907629.892797,736235.901134898,"Forage-limited potential livestock carrying capacity",2738207.08076389,2738207.08076389,0,0,"Cluster","Cluster_1","Cluster A — South, Kunene South & Erongo","SSP585_2050","With_Intervention","SSP585_2050_With_Intervention",348550.070641285,387685.830493613,111.228160069032,736236,387686
"Goats","Browser-Mixed","Goat_Browser_Mixed",45,0.025,410.625,278214243.592848,677538.492767971,"Forage-limited potential livestock carrying capacity",2738207.08076389,2738207.08076389,0,0,"Cluster","Cluster_1","Cluster A — South, Kunene South & Erongo","SSP585_2050","With_Intervention","SSP585_2050_With_Intervention",534558.766796393,142979.725971578,26.7472418099986,677538,142980
"Donkeys","Grazer","Donkey_Grazer",180,0.015,985.5,318989283.025972,323682.681913721,"Forage-limited potential livestock carrying capacity",2738207.08076389,2738207.08076389,0,0,"Cluster","Cluster_1","Cluster A — South, Kunene South & Erongo","SSP585_2050","With_Intervention","SSP585_2050_With_Intervention",151327.117173194,172355.564740527,113.896020726587,323683,172356
"Cattle","Grazer","Cattle_Grazer",450,0.022,3613.5,100474853.578471,27805.4112573601,"Forage-limited potential livestock carrying capacity",783233.539348635,783028.13045805,205.408890584251,0.0262257526350412,"Cluster","Cluster_2","Cluster C — Kavango East, Kavango West & Zambezi","SSP585_2050","With_Intervention","SSP585_2050_With_Intervention",26179.2908248749,1626.12043248526,6.21147625183247,27805,1626
"Sheep","Grazer-Mixed","Sheep_Grazer_Mixed",50,0.025,456.25,126109844.394544,276405.138399002,"Forage-limited potential livestock carrying capacity",783233.539348635,783028.13045805,205.408890584251,0.0262257526350412,"Cluster","Cluster_2","Cluster C — Kavango East, Kavango West & Zambezi","SSP585_2050","With_Intervention","SSP585_2050_With_Intervention",276205.079904526,200.058494475496,0.0724311423036276,276405,200
"Goats","Browser-Mixed","Goat_Browser_Mixed",45,0.025,410.625,154470277.781022,376183.324885289,"Forage-limited potential livestock carrying capacity",783233.539348635,783028.13045805,205.408890584251,0.0262257526350412,"Cluster","Cluster_2","Cluster C — Kavango East, Kavango West & Zambezi","SSP585_2050","With_Intervention","SSP585_2050_With_Intervention",408036.087843938,-31852.7629586489,-7.80635926762234,376183,-31853
"Donkeys","Grazer","Donkey_Grazer",180,0.015,985.5,100662086.50239,102143.16235656,"Forage-limited potential livestock carrying capacity",783233.539348635,783028.13045805,205.408890584251,0.0262257526350412,"Cluster","Cluster_2","Cluster C — Kavango East, Kavango West & Zambezi","SSP585_2050","With_Intervention","SSP585_2050_With_Intervention",98888.8277969702,3254.33455958977,3.29090214950397,102143,3254
"Cattle","Grazer","Cattle_Grazer",450,0.022,3613.5,1560978713.9195,431985.253609934,"Forage-limited potential livestock carrying capacity",5946321.81049356,5943714.64830331,2607.16219025292,0.0438449561483877,"Cluster","Cluster_3","Cluster B — Omaheke & Otjozondjupa (Central / Group 4)","SSP585_2050","With_Intervention","SSP585_2050_With_Intervention",151705.245023046,280280.008586889,184.753011370379,431985,280280
"Sheep","Grazer-Mixed","Sheep_Grazer_Mixed",50,0.025,456.25,1556068367.86681,3410560.80628341,"Forage-limited potential livestock carrying capacity",5946321.81049356,5943714.64830331,2607.16219025292,0.0438449561483877,"Cluster","Cluster_3","Cluster B — Omaheke & Otjozondjupa (Central / Group 4)","SSP585_2050","With_Intervention","SSP585_2050_With_Intervention",1815077.5955624,1595483.21072101,87.9016530544883,3410561,1595483
"Goats","Browser-Mixed","Goat_Browser_Mixed",45,0.025,410.625,1113435026.46288,2711561.70828097,"Forage-limited potential livestock carrying capacity",5946321.81049356,5943714.64830331,2607.16219025292,0.0438449561483877,"Cluster","Cluster_3","Cluster B — Omaheke & Otjozondjupa (Central / Group 4)","SSP585_2050","With_Intervention","SSP585_2050_With_Intervention",3343252.82188341,-631691.113602439,-18.8945062565319,2711562,-631691
"Donkeys","Grazer","Donkey_Grazer",180,0.015,985.5,1433376653.41551,1454466.4164541,"Forage-limited potential livestock carrying capacity",5946321.81049356,5943714.64830331,2607.16219025292,0.0438449561483877,"Cluster","Cluster_3","Cluster B — Omaheke & Otjozondjupa (Central / Group 4)","SSP585_2050","With_Intervention","SSP585_2050_With_Intervention",622096.564613485,832369.851840611,133.800747213219,1454466,832370
"Cattle","Grazer","Cattle_Grazer",450,0.022,3613.5,977171291.270528,270422.38585043,"Forage-limited potential livestock carrying capacity",5126424.88987576,5126420.33986736,4.55000840686262,8.87559752576982e-05,"Cluster","Cluster_4","Cluster E — Kunene (North)","SSP585_2050","With_Intervention","SSP585_2050_With_Intervention",87602.6911852213,182819.694665209,208.691870297303,270422,182820
"Sheep","Grazer-Mixed","Sheep_Grazer_Mixed",50,0.025,456.25,987333316.128308,2164018.22713054,"Forage-limited potential livestock carrying capacity",5126424.88987576,5126420.33986736,4.55000840686262,8.87559752576982e-05,"Cluster","Cluster_4","Cluster E — Kunene (North)","SSP585_2050","With_Intervention","SSP585_2050_With_Intervention",973357.352955851,1190660.87417469,122.325153301502,2164018,1190661
"Goats","Browser-Mixed","Goat_Browser_Mixed",45,0.025,410.625,742448647.401041,1808094.11848046,"Forage-limited potential livestock carrying capacity",5126424.88987576,5126420.33986736,4.55000840686262,8.87559752576982e-05,"Cluster","Cluster_4","Cluster E — Kunene (North)","SSP585_2050","With_Intervention","SSP585_2050_With_Intervention",1637859.30478519,170234.813695274,10.3937385340678,1808094,170235
"Donkeys","Grazer","Donkey_Grazer",180,0.015,985.5,919379312.027235,932906.455633927,"Forage-limited potential livestock carrying capacity",5126424.88987576,5126420.33986736,4.55000840686262,8.87559752576982e-05,"Cluster","Cluster_4","Cluster E — Kunene (North)","SSP585_2050","With_Intervention","SSP585_2050_With_Intervention",374777.86578512,558128.589848807,148.92250605024,932906,558129
"Cattle","Grazer","Cattle_Grazer",450,0.022,3613.5,311820292.884288,86293.1487157294,"Forage-limited potential livestock carrying capacity",1422473.1935077,1422357.15426626,116.039241438033,0.00815756964473194,"Cluster","Cluster_5","Cluster D — Omusati, Oshana, Oshikoto & Ohangwena","SSP585_2050","With_Intervention","SSP585_2050_With_Intervention",64894.0051317476,21399.1435839818,32.9755322399,86293,21399
"Sheep","Grazer-Mixed","Sheep_Grazer_Mixed",50,0.025,456.25,326125061.735308,714794.655858209,"Forage-limited potential livestock carrying capacity",1422473.1935077,1422357.15426626,116.039241438033,0.00815756964473194,"Cluster","Cluster_5","Cluster D — Omusati, Oshana, Oshikoto & Ohangwena","SSP585_2050","With_Intervention","SSP585_2050_With_Intervention",600719.660782357,114074.995075852,18.9897222486916,714795,114075
"Goats","Browser-Mixed","Goat_Browser_Mixed",45,0.025,410.625,276909126.298992,674360.124929052,"Forage-limited potential livestock carrying capacity",1422473.1935077,1422357.15426626,116.039241438033,0.00815756964473194,"Cluster","Cluster_5","Cluster D — Omusati, Oshana, Oshikoto & Ohangwena","SSP585_2050","With_Intervention","SSP585_2050_With_Intervention",748256.773497439,-73896.6485683867,-9.87584091260346,674360,-73897
"Donkeys","Grazer","Donkey_Grazer",180,0.015,985.5,292087148.927012,296384.727475406,"Forage-limited potential livestock carrying capacity",1422473.1935077,1422357.15426626,116.039241438033,0.00815756964473194,"Cluster","Cluster_5","Cluster D — Omusati, Oshana, Oshikoto & Ohangwena","SSP585_2050","With_Intervention","SSP585_2050_With_Intervention",233289.466055874,63095.2614195317,27.0459110247267,296385,63095
"Cattle","Grazer","Cattle_Grazer",450,0.022,3613.5,131537652.193012,36401.7302319115,"Forage-limited potential livestock carrying capacity",797331.445462821,797331.445462821,0,0,"Cluster","Cluster_6","Cluster F —    //Karas,Hardap","SSP585_2050","With_Intervention","SSP585_2050_With_Intervention",28845.2268715794,7556.50336033208,26.1967201505263,36402,7557
"Sheep","Grazer-Mixed","Sheep_Grazer_Mixed",50,0.025,456.25,130002921.866198,284937.910939613,"Forage-limited potential livestock carrying capacity",797331.445462821,797331.445462821,0,0,"Cluster","Cluster_6","Cluster F —    //Karas,Hardap","SSP585_2050","With_Intervention","SSP585_2050_With_Intervention",235860.152246633,49077.7586929801,20.8079907629589,284938,49078
"Goats","Browser-Mixed","Goat_Browser_Mixed",45,0.025,410.625,89795479.2497418,218680.010349447,"Forage-limited potential livestock carrying capacity",797331.445462821,797331.445462821,0,0,"Cluster","Cluster_6","Cluster F —    //Karas,Hardap","SSP585_2050","With_Intervention","SSP585_2050_With_Intervention",212109.872320454,6570.13802899295,3.09751637541265,218680,6570
"Donkeys","Grazer","Donkey_Grazer",180,0.015,985.5,123937847.35834,125761.387476753,"Forage-limited potential livestock carrying capacity",797331.445462821,797331.445462821,0,0,"Cluster","Cluster_6","Cluster F —    //Karas,Hardap","SSP585_2050","With_Intervention","SSP585_2050_With_Intervention",103589.98061294,22171.4068638129,21.4030418121762,125761,22171
"Cattle","Grazer","Cattle_Grazer",450,0.022,3613.5,92443387.3046023,25582.7832585035,"Forage-limited potential livestock carrying capacity",2738207.08076389,2738207.08076389,0,0,"Cluster","Cluster_1","Cluster A — South, Kunene South & Erongo","SSP585_2090","Without_Intervention","SSP585_2090_Without_Intervention",33470.3317783356,-7887.5485198321,-23.5657912567735,25583,-7888
"Sheep","Grazer-Mixed","Sheep_Grazer_Mixed",50,0.025,456.25,127580543.74732,279628.589035221,"Forage-limited potential livestock carrying capacity",2738207.08076389,2738207.08076389,0,0,"Cluster","Cluster_1","Cluster A — South, Kunene South & Erongo","SSP585_2090","Without_Intervention","SSP585_2090_Without_Intervention",348550.070641285,-68921.4816060635,-19.7737677915995,279629,-68921
"Goats","Browser-Mixed","Goat_Browser_Mixed",45,0.025,410.625,188688629.975229,459515.689437391,"Forage-limited potential livestock carrying capacity",2738207.08076389,2738207.08076389,0,0,"Cluster","Cluster_1","Cluster A — South, Kunene South & Erongo","SSP585_2090","Without_Intervention","SSP585_2090_Without_Intervention",534558.766796393,-75043.0773590023,-14.0383213259666,459516,-75043
"Donkeys","Grazer","Donkey_Grazer",180,0.015,985.5,119022066.573325,120773.279120573,"Forage-limited potential livestock carrying capacity",2738207.08076389,2738207.08076389,0,0,"Cluster","Cluster_1","Cluster A — South, Kunene South & Erongo","SSP585_2090","Without_Intervention","SSP585_2090_Without_Intervention",151327.117173194,-30553.8380526208,-20.1905901753563,120773,-30554
"Cattle","Grazer","Cattle_Grazer",450,0.022,3613.5,78328737.5639451,21676.6950502131,"Forage-limited potential livestock carrying capacity",783233.539348635,783233.539348635,0,0,"Cluster","Cluster_2","Cluster C — Kavango East, Kavango West & Zambezi","SSP585_2090","Without_Intervention","SSP585_2090_Without_Intervention",26179.2908248749,-4502.59577466175,-17.19907466089,21677,-4503
"Sheep","Grazer-Mixed","Sheep_Grazer_Mixed",50,0.025,456.25,108725834.627131,238303.199182753,"Forage-limited potential livestock carrying capacity",783233.539348635,783233.539348635,0,0,"Cluster","Cluster_2","Cluster C — Kavango East, Kavango West & Zambezi","SSP585_2090","Without_Intervention","SSP585_2090_Without_Intervention",276205.079904526,-37901.880721773,-13.7223691667345,238303,-37902
"Goats","Browser-Mixed","Goat_Browser_Mixed",45,0.025,410.625,151263378.914104,368373.525513799,"Forage-limited potential livestock carrying capacity",783233.539348635,783233.539348635,0,0,"Cluster","Cluster_2","Cluster C — Kavango East, Kavango West & Zambezi","SSP585_2090","Without_Intervention","SSP585_2090_Without_Intervention",408036.087843938,-39662.5623301388,-9.72035648604409,368374,-39663
"Donkeys","Grazer","Donkey_Grazer",180,0.015,985.5,82760119.5357053,83977.7976009187,"Forage-limited potential livestock carrying capacity",783233.539348635,783233.539348635,0,0,"Cluster","Cluster_2","Cluster C — Kavango East, Kavango West & Zambezi","SSP585_2090","Without_Intervention","SSP585_2090_Without_Intervention",98888.8277969702,-14911.0301960515,-15.0785791764723,83978,-14911
"Cattle","Grazer","Cattle_Grazer",450,0.022,3613.5,455139223.834327,125955.230063464,"Forage-limited potential livestock carrying capacity",5946321.81049356,5946321.81049356,0,0,"Cluster","Cluster_3","Cluster B — Omaheke & Otjozondjupa (Central / Group 4)","SSP585_2090","Without_Intervention","SSP585_2090_Without_Intervention",151705.245023046,-25750.0149595818,-16.9737143601529,125955,-25750
"Sheep","Grazer-Mixed","Sheep_Grazer_Mixed",50,0.025,456.25,704877484.809327,1544936.95300675,"Forage-limited potential livestock carrying capacity",5946321.81049356,5946321.81049356,0,0,"Cluster","Cluster_3","Cluster B — Omaheke & Otjozondjupa (Central / Group 4)","SSP585_2090","Without_Intervention","SSP585_2090_Without_Intervention",1815077.5955624,-270140.642555657,-14.88314566915,1544937,-270141
"Goats","Browser-Mixed","Goat_Browser_Mixed",45,0.025,410.625,1199431534.45668,2920990.03825066,"Forage-limited potential livestock carrying capacity",5946321.81049356,5946321.81049356,0,0,"Cluster","Cluster_3","Cluster B — Omaheke & Otjozondjupa (Central / Group 4)","SSP585_2090","Without_Intervention","SSP585_2090_Without_Intervention",3343252.82188341,-422262.783632754,-12.6302976810133,2920990,-422263
"Donkeys","Grazer","Donkey_Grazer",180,0.015,985.5,516063934.055337,523656.959974975,"Forage-limited potential livestock carrying capacity",5946321.81049356,5946321.81049356,0,0,"Cluster","Cluster_3","Cluster B — Omaheke & Otjozondjupa (Central / Group 4)","SSP585_2090","Without_Intervention","SSP585_2090_Without_Intervention",622096.564613485,-98439.6046385105,-15.8238463669498,523657,-98440
"Cattle","Grazer","Cattle_Grazer",450,0.022,3613.5,259889848.151233,71921.9172965913,"Forage-limited potential livestock carrying capacity",5126424.88987576,5126424.88987576,0,0,"Cluster","Cluster_4","Cluster E — Kunene (North)","SSP585_2090","Without_Intervention","SSP585_2090_Without_Intervention",87602.6911852213,-15680.77388863,-17.8998769061507,71922,-15681
"Sheep","Grazer-Mixed","Sheep_Grazer_Mixed",50,0.025,456.25,376629180.295836,825488.614347039,"Forage-limited potential livestock carrying capacity",5126424.88987576,5126424.88987576,0,0,"Cluster","Cluster_4","Cluster E — Kunene (North)","SSP585_2090","Without_Intervention","SSP585_2090_Without_Intervention",973357.352955851,-147868.738608813,-15.1916187985606,825489,-147869
"Goats","Browser-Mixed","Goat_Browser_Mixed",45,0.025,410.625,593954323.221954,1446464.10525894,"Forage-limited potential livestock carrying capacity",5126424.88987576,5126424.88987576,0,0,"Cluster","Cluster_4","Cluster E — Kunene (North)","SSP585_2090","Without_Intervention","SSP585_2090_Without_Intervention",1637859.30478519,-191395.199526247,-11.6856923526376,1446464,-191395
"Donkeys","Grazer","Donkey_Grazer",180,0.015,985.5,310509697.521996,315078.333355653,"Forage-limited potential livestock carrying capacity",5126424.88987576,5126424.88987576,0,0,"Cluster","Cluster_4","Cluster E — Kunene (North)","SSP585_2090","Without_Intervention","SSP585_2090_Without_Intervention",374777.86578512,-59699.5324294666,-15.9293111679374,315078,-59700
"Cattle","Grazer","Cattle_Grazer",450,0.022,3613.5,205825239.785823,56960.0774279293,"Forage-limited potential livestock carrying capacity",1422473.1935077,1422473.1935077,0,0,"Cluster","Cluster_5","Cluster D — Omusati, Oshana, Oshikoto & Ohangwena","SSP585_2090","Without_Intervention","SSP585_2090_Without_Intervention",64894.0051317476,-7933.92770381826,-12.2259794070513,56960,-7934
"Sheep","Grazer-Mixed","Sheep_Grazer_Mixed",50,0.025,456.25,242908717.437899,532402.668357038,"Forage-limited potential livestock carrying capacity",1422473.1935077,1422473.1935077,0,0,"Cluster","Cluster_5","Cluster D — Omusati, Oshana, Oshikoto & Ohangwena","SSP585_2090","Without_Intervention","SSP585_2090_Without_Intervention",600719.660782357,-68316.9924253185,-11.3725248040566,532403,-68317
"Goats","Browser-Mixed","Goat_Browser_Mixed",45,0.025,410.625,278402976.830089,677998.117090019,"Forage-limited potential livestock carrying capacity",1422473.1935077,1422473.1935077,0,0,"Cluster","Cluster_5","Cluster D — Omusati, Oshana, Oshikoto & Ohangwena","SSP585_2090","Without_Intervention","SSP585_2090_Without_Intervention",748256.773497439,-70258.6564074202,-9.38964522553174,677998,-70259
"Donkeys","Grazer","Donkey_Grazer",180,0.015,985.5,203682562.711244,206679.414217397,"Forage-limited potential livestock carrying capacity",1422473.1935077,1422473.1935077,0,0,"Cluster","Cluster_5","Cluster D — Omusati, Oshana, Oshikoto & Ohangwena","SSP585_2090","Without_Intervention","SSP585_2090_Without_Intervention",233289.466055874,-26610.0518384776,-11.4064523736808,206679,-26610
"Cattle","Grazer","Cattle_Grazer",450,0.022,3613.5,81322079.6901257,22505.0725584961,"Forage-limited potential livestock carrying capacity",797331.445462821,797331.445462821,0,0,"Cluster","Cluster_6","Cluster F —    //Karas,Hardap","SSP585_2090","Without_Intervention","SSP585_2090_Without_Intervention",28845.2268715794,-6340.15431308332,-21.9799079456371,22505,-6340
"Sheep","Grazer-Mixed","Sheep_Grazer_Mixed",50,0.025,456.25,83382596.1167483,182756.375050407,"Forage-limited potential livestock carrying capacity",797331.445462821,797331.445462821,0,0,"Cluster","Cluster_6","Cluster F —    //Karas,Hardap","SSP585_2090","Without_Intervention","SSP585_2090_Without_Intervention",235860.152246633,-53103.7771962254,-22.5149423039023,182756,-53104
"Goats","Browser-Mixed","Goat_Browser_Mixed",45,0.025,410.625,65929537.2621497,160558.99485455,"Forage-limited potential livestock carrying capacity",797331.445462821,797331.445462821,0,0,"Cluster","Cluster_6","Cluster F —    //Karas,Hardap","SSP585_2090","Without_Intervention","SSP585_2090_Without_Intervention",212109.872320454,-51550.8774659041,-24.3038557809423,160559,-51551
"Donkeys","Grazer","Donkey_Grazer",180,0.015,985.5,79953923.8585745,81130.3134029168,"Forage-limited potential livestock carrying capacity",797331.445462821,797331.445462821,0,0,"Cluster","Cluster_6","Cluster F —    //Karas,Hardap","SSP585_2090","Without_Intervention","SSP585_2090_Without_Intervention",103589.98061294,-22459.6672100236,-21.6813123017594,81130,-22460
"Cattle","Grazer","Cattle_Grazer",450,0.022,3613.5,292516371.821416,80950.9815473685,"Forage-limited potential livestock carrying capacity",2738207.08076389,2738207.08076389,0,0,"Cluster","Cluster_1","Cluster A — South, Kunene South & Erongo","SSP585_2090","With_Intervention","SSP585_2090_With_Intervention",33470.3317783356,47480.649769033,141.858915780948,80951,47481
"Sheep","Grazer-Mixed","Sheep_Grazer_Mixed",50,0.025,456.25,304735503.656847,667913.432672542,"Forage-limited potential livestock carrying capacity",2738207.08076389,2738207.08076389,0,0,"Cluster","Cluster_1","Cluster A — South, Kunene South & Erongo","SSP585_2090","With_Intervention","SSP585_2090_With_Intervention",348550.070641285,319363.362031258,91.6262508407107,667913,319363
"Goats","Browser-Mixed","Goat_Browser_Mixed",45,0.025,410.625,253910596.78266,618351.529455488,"Forage-limited potential livestock carrying capacity",2738207.08076389,2738207.08076389,0,0,"Cluster","Cluster_1","Cluster A — South, Kunene South & Erongo","SSP585_2090","With_Intervention","SSP585_2090_With_Intervention",534558.766796393,83792.7626590952,15.6751264526564,618352,83793
"Donkeys","Grazer","Donkey_Grazer",180,0.015,985.5,288970676.676705,293222.401498432,"Forage-limited potential livestock carrying capacity",2738207.08076389,2738207.08076389,0,0,"Cluster","Cluster_1","Cluster A — South, Kunene South & Erongo","SSP585_2090","With_Intervention","SSP585_2090_With_Intervention",151327.117173194,141895.284325238,93.7672553180534,293222,141895
"Cattle","Grazer","Cattle_Grazer",450,0.022,3613.5,93883867.3067937,25981.4216982963,"Forage-limited potential livestock carrying capacity",783233.539348635,783157.332515867,76.2068327676971,0.00972977138224615,"Cluster","Cluster_2","Cluster C — Kavango East, Kavango West & Zambezi","SSP585_2090","With_Intervention","SSP585_2090_With_Intervention",26179.2908248749,-197.869126578546,-0.755823096592577,25981,-198
"Sheep","Grazer-Mixed","Sheep_Grazer_Mixed",50,0.025,456.25,118266782.11195,259214.864902905,"Forage-limited potential livestock carrying capacity",783233.539348635,783157.332515867,76.2068327676971,0.00972977138224615,"Cluster","Cluster_2","Cluster C — Kavango East, Kavango West & Zambezi","SSP585_2090","With_Intervention","SSP585_2090_With_Intervention",276205.079904526,-16990.2150016211,-6.15130431616029,259215,-16990
"Goats","Browser-Mixed","Goat_Browser_Mixed",45,0.025,410.625,145467820.153331,354259.531575843,"Forage-limited potential livestock carrying capacity",783233.539348635,783157.332515867,76.2068327676971,0.00972977138224615,"Cluster","Cluster_2","Cluster C — Kavango East, Kavango West & Zambezi","SSP585_2090","With_Intervention","SSP585_2090_With_Intervention",408036.087843938,-53776.5562680953,-13.179362774565,354260,-53777
"Donkeys","Grazer","Donkey_Grazer",180,0.015,985.5,94294726.1002962,95682.1167938064,"Forage-limited potential livestock carrying capacity",783233.539348635,783157.332515867,76.2068327676971,0.00972977138224615,"Cluster","Cluster_2","Cluster C — Kavango East, Kavango West & Zambezi","SSP585_2090","With_Intervention","SSP585_2090_With_Intervention",98888.8277969702,-3206.71100316377,-3.24274346718672,95682,-3207
"Cattle","Grazer","Cattle_Grazer",450,0.022,3613.5,1465339720.19615,405518.118222263,"Forage-limited potential livestock carrying capacity",5946321.81049356,5946321.81049356,0,0,"Cluster","Cluster_3","Cluster B — Omaheke & Otjozondjupa (Central / Group 4)","SSP585_2090","With_Intervention","SSP585_2090_With_Intervention",151705.245023046,253812.873199217,167.306590593265,405518,253813
"Sheep","Grazer-Mixed","Sheep_Grazer_Mixed",50,0.025,456.25,1460855499.1499,3201875.06662992,"Forage-limited potential livestock carrying capacity",5946321.81049356,5946321.81049356,0,0,"Cluster","Cluster_3","Cluster B — Omaheke & Otjozondjupa (Central / Group 4)","SSP585_2090","With_Intervention","SSP585_2090_With_Intervention",1815077.5955624,1386797.47106752,76.4043076978104,3201875,1386797
"Goats","Browser-Mixed","Goat_Browser_Mixed",45,0.025,410.625,1045561534.70163,2546268.57765998,"Forage-limited potential livestock carrying capacity",5946321.81049356,5946321.81049356,0,0,"Cluster","Cluster_3","Cluster B — Omaheke & Otjozondjupa (Central / Group 4)","SSP585_2090","With_Intervention","SSP585_2090_With_Intervention",3343252.82188341,-796984.244223436,-23.8385873484272,2546269,-796984
"Donkeys","Grazer","Donkey_Grazer",180,0.015,985.5,1345633875.7313,1365432.64914389,"Forage-limited potential livestock carrying capacity",5946321.81049356,5946321.81049356,0,0,"Cluster","Cluster_3","Cluster B — Omaheke & Otjozondjupa (Central / Group 4)","SSP585_2090","With_Intervention","SSP585_2090_With_Intervention",622096.564613485,743336.084530405,119.488858613493,1365433,743336
"Cattle","Grazer","Cattle_Grazer",450,0.022,3613.5,907948237.06454,251265.597637897,"Forage-limited potential livestock carrying capacity",5126424.88987576,5126424.88987576,0,0,"Cluster","Cluster_4","Cluster E — Kunene (North)","SSP585_2090","With_Intervention","SSP585_2090_With_Intervention",87602.6911852213,163662.906452676,186.824062409952,251266,163663
"Sheep","Grazer-Mixed","Sheep_Grazer_Mixed",50,0.025,456.25,917881271.253317,2011794.56713056,"Forage-limited potential livestock carrying capacity",5126424.88987576,5126424.88987576,0,0,"Cluster","Cluster_4","Cluster E — Kunene (North)","SSP585_2090","With_Intervention","SSP585_2090_With_Intervention",973357.352955851,1038437.21417471,106.686122113448,2011795,1038437
"Goats","Browser-Mixed","Goat_Browser_Mixed",45,0.025,410.625,691581830.005977,1684217.54643769,"Forage-limited potential livestock carrying capacity",5126424.88987576,5126424.88987576,0,0,"Cluster","Cluster_4","Cluster E — Kunene (North)","SSP585_2090","With_Intervention","SSP585_2090_With_Intervention",1637859.30478519,46358.2416525006,2.83041660031846,1684218,46358
"Donkeys","Grazer","Donkey_Grazer",180,0.015,985.5,854283429.317889,866852.794843114,"Forage-limited potential livestock carrying capacity",5126424.88987576,5126424.88987576,0,0,"Cluster","Cluster_4","Cluster E — Kunene (North)","SSP585_2090","With_Intervention","SSP585_2090_With_Intervention",374777.86578512,492074.929057994,131.297756346189,866853,492075
"Cattle","Grazer","Cattle_Grazer",450,0.022,3613.5,297111873.466803,82222.7406854304,"Forage-limited potential livestock carrying capacity",1422473.1935077,1422434.96924395,38.2242637518793,0.0026871693559034,"Cluster","Cluster_5","Cluster D — Omusati, Oshana, Oshikoto & Ohangwena","SSP585_2090","With_Intervention","SSP585_2090_With_Intervention",64894.0051317476,17328.7355536828,26.7031377066373,82223,17329
"Sheep","Grazer-Mixed","Sheep_Grazer_Mixed",50,0.025,456.25,310894428.708297,681412.446483939,"Forage-limited potential livestock carrying capacity",1422473.1935077,1422434.96924395,38.2242637518793,0.0026871693559034,"Cluster","Cluster_5","Cluster D — Omusati, Oshana, Oshikoto & Ohangwena","SSP585_2090","With_Intervention","SSP585_2090_With_Intervention",600719.660782357,80692.7857015827,13.4326859880849,681412,80693
"Goats","Browser-Mixed","Goat_Browser_Mixed",45,0.025,410.625,264365540.318437,643812.579162099,"Forage-limited potential livestock carrying capacity",1422473.1935077,1422434.96924395,38.2242637518793,0.0026871693559034,"Cluster","Cluster_5","Cluster D — Omusati, Oshana, Oshikoto & Ohangwena","SSP585_2090","With_Intervention","SSP585_2090_With_Intervention",748256.773497439,-104444.194335341,-13.9583359662962,643813,-104444
"Donkeys","Grazer","Donkey_Grazer",180,0.015,985.5,278428968.706379,282525.589757868,"Forage-limited potential livestock carrying capacity",1422473.1935077,1422434.96924395,38.2242637518793,0.0026871693559034,"Cluster","Cluster_5","Cluster D — Omusati, Oshana, Oshikoto & Ohangwena","SSP585_2090","With_Intervention","SSP585_2090_With_Intervention",233289.466055874,49236.1237019941,21.1051636983051,282526,49236
"Cattle","Grazer","Cattle_Grazer",450,0.022,3613.5,118097310.799605,32682.2501175051,"Forage-limited potential livestock carrying capacity",797331.445462821,797331.445462821,0,0,"Cluster","Cluster_6","Cluster F —    //Karas,Hardap","SSP585_2090","With_Intervention","SSP585_2090_With_Intervention",28845.2268715794,3837.02324592563,13.3021080506951,32682,3837
"Sheep","Grazer-Mixed","Sheep_Grazer_Mixed",50,0.025,456.25,116685325.939923,255748.659594351,"Forage-limited potential livestock carrying capacity",797331.445462821,797331.445462821,0,0,"Cluster","Cluster_6","Cluster F —    //Karas,Hardap","SSP585_2090","With_Intervention","SSP585_2090_With_Intervention",235860.152246633,19888.5073477188,8.43233041201545,255749,19889
"Goats","Browser-Mixed","Goat_Browser_Mixed",45,0.025,410.625,80499041.845564,196040.284555407,"Forage-limited potential livestock carrying capacity",797331.445462821,797331.445462821,0,0,"Cluster","Cluster_6","Cluster F —    //Karas,Hardap","SSP585_2090","With_Intervention","SSP585_2090_With_Intervention",212109.872320454,-16069.5877650475,-7.5760678129916,196040,-16070
"Donkeys","Grazer","Donkey_Grazer",180,0.015,985.5,111344587.306444,112982.838464175,"Forage-limited potential livestock carrying capacity",797331.445462821,797331.445462821,0,0,"Cluster","Cluster_6","Cluster F —    //Karas,Hardap","SSP585_2090","With_Intervention","SSP585_2090_With_Intervention",103589.98061294,9392.85785123408,9.06734203023948,112983,9393
