"unit_id","unit","species","feeding_group","habitat_profile","carrying_capacity_animals_Current","carrying_capacity_animals_SSP245_2050_Without_Intervention","carrying_capacity_animals_SSP245_2050_With_Intervention","carrying_capacity_animals_SSP245_2090_Without_Intervention","carrying_capacity_animals_SSP245_2090_With_Intervention","carrying_capacity_animals_SSP585_2050_Without_Intervention","carrying_capacity_animals_SSP585_2050_With_Intervention","carrying_capacity_animals_SSP585_2090_Without_Intervention","carrying_capacity_animals_SSP585_2090_With_Intervention","capacity_change_from_current_animals_Current","capacity_change_from_current_animals_SSP245_2050_Without_Intervention","capacity_change_from_current_animals_SSP245_2050_With_Intervention","capacity_change_from_current_animals_SSP245_2090_Without_Intervention","capacity_change_from_current_animals_SSP245_2090_With_Intervention","capacity_change_from_current_animals_SSP585_2050_Without_Intervention","capacity_change_from_current_animals_SSP585_2050_With_Intervention","capacity_change_from_current_animals_SSP585_2090_Without_Intervention","capacity_change_from_current_animals_SSP585_2090_With_Intervention","capacity_change_from_current_pct_Current","capacity_change_from_current_pct_SSP245_2050_Without_Intervention","capacity_change_from_current_pct_SSP245_2050_With_Intervention","capacity_change_from_current_pct_SSP245_2090_Without_Intervention","capacity_change_from_current_pct_SSP245_2090_With_Intervention","capacity_change_from_current_pct_SSP585_2050_Without_Intervention","capacity_change_from_current_pct_SSP585_2050_With_Intervention","capacity_change_from_current_pct_SSP585_2090_Without_Intervention","capacity_change_from_current_pct_SSP585_2090_With_Intervention"
"Cluster_1","Cluster A — South, Kunene South & Erongo","Baboon","Omnivore","Omnivore",477432,455062,719092,433483,685445,440247,698106,405072,636922,0,-22370,241660,-43949,208013,-37185,220674,-72360,159490,0,-4.6854392239496,50.6166545179507,-9.20520982864305,43.569111926683,-7.78853038003435,46.2211331817465,-15.1559992533361,33.405870154752
"Cluster_1","Cluster A — South, Kunene South & Erongo","Black rhinoceros","Browser","Shrub_Browser",20046,19810,18851,19002,18051,19162,18270,17769,16825,0,-236,-1195,-1044,-1994,-884,-1776,-2276,-3221,0,-1.17711568568677,-5.96149301309646,-5.20617794538725,-9.94868603975624,-4.40848403987246,-8.8596190464741,-11.3559541478112,-16.0680151993605
"Cluster_1","Cluster A — South, Kunene South & Erongo","Black-backed Jackal","Carnivore","Carnivore",,,,,,,,,,,,,,,,,,,,,,,,,,,
"Cluster_1","Cluster A — South, Kunene South & Erongo","Black-faced Impala","Mixed","Mixed_Open",341928,316547,668269,299738,635888,306322,649216,279857,590138,0,-25381,326341,-42190,293960,-35606,307288,-62071,248210,0,-7.42298663779405,95.4414195712045,-12.3387939763583,85.9712315415808,-10.413399422363,89.8693307434216,-18.1533403170565,72.5912527952885
"Cluster_1","Cluster A — South, Kunene South & Erongo","Blue wildebeest","Grazer","General_Grazer",60236,52828,165518,49432,157219,51166,160919,46049,145712,0,-7407,105282,-10804,96984,-9070,100683,-14187,85476,0,-12.2969253049583,174.784133038604,-17.935847399178,161.007028915452,-15.0572476124767,167.148924326863,-23.5518536734513,141.90301813834
"Cluster_1","Cluster A — South, Kunene South & Erongo","Buffalo","Grazer","General_Grazer",26504,23245,72828,21750,69176,22513,70804,20262,64113,0,-3259,46324,-4754,42673,-3991,44301,-6242,37610,0,-12.2969253049583,174.784133038604,-17.9358473991781,161.007028915452,-15.0572476124767,167.148924326863,-23.5518536734513,141.90301813834
"Cluster_1","Cluster A — South, Kunene South & Erongo","Burchell's zebra","Grazer","General_Grazer",41412,36320,113794,33984,108088,35176,110632,31659,100177,0,-5092,72382,-7428,66676,-6236,69220,-9753,58765,0,-12.2969253049582,174.784133038604,-17.935847399178,161.007028915452,-15.0572476124767,167.148924326863,-23.5518536734513,141.90301813834
"Cluster_1","Cluster A — South, Kunene South & Erongo","Bushpig","Omnivore","Omnivore",190973,182025,287637,173393,274178,176099,279243,162029,254769,0,-8948,96664,-17579,83205,-14874,88270,-28944,63796,0,-4.68543922394959,50.6166545179507,-9.20520982864305,43.569111926683,-7.78853038003435,46.2211331817465,-15.1559992533361,33.405870154752
"Cluster_1","Cluster A — South, Kunene South & Erongo","Cheetah","Carnivore","Carnivore",,,,,,,,,,,,,,,,,,,,,,,,,,,
"Cluster_1","Cluster A — South, Kunene South & Erongo","Damara dik dik","Browser","Shrub_Browser",4009130,3961938,3770126,3800407,3610274,3832388,3653936,3553855,3364942,0,-47192,-239004,-208722,-398856,-176742,-355194,-455275,-644188,0,-1.17711568568677,-5.96149301309646,-5.20617794538723,-9.94868603975624,-4.40848403987246,-8.85961904647411,-11.3559541478112,-16.0680151993605
"Cluster_1","Cluster A — South, Kunene South & Erongo","Duiker","Browser","Woodland_Browser",889646,879769,821588,844542,787157,850269,795686,790893,734538,0,-9877,-68058,-45104,-102489,-39377,-93961,-98754,-155108,0,-1.11026987694345,-7.65000841040163,-5.06992343348839,-11.5202331462207,-4.42611649272112,-10.5615683679652,-11.1003343125924,-17.4347724356158
"Cluster_1","Cluster A — South, Kunene South & Erongo","Eland","Mixed","Mixed_Open",34193,31655,66827,29974,63589,30632,64922,27986,59014,0,-2538,32634,-4219,29396,-3561,30729,-6207,24821,0,-7.42298663779405,95.4414195712045,-12.3387939763583,85.9712315415808,-10.413399422363,89.8693307434216,-18.1533403170565,72.5912527952885
"Cluster_1","Cluster A — South, Kunene South & Erongo","Elephant","Mixed","Large_Mixed",5113,4872,7742,4639,7378,4715,7517,4333,6854,0,-241,2629,-473,2266,-398,2404,-780,1742,0,-4.7093286240468,51.4241706450506,-9.25707275095971,44.321927072695,-7.7817613477871,47.0279313031275,-15.2511702535621,34.0706652185445
"Cluster_1","Cluster A — South, Kunene South & Erongo","Gemsbok","Mixed","Arid_Mixed",93523,87908,161778,83404,154003,85188,157209,77703,142863,0,-5615,68256,-10119,60480,-8335,63686,-15819,49341,0,-6.003886293421,72.9830917287461,-10.8196093798903,64.6692280951679,-8.91245058950842,68.0971460334975,-16.9149998782845,52.758015093738
"Cluster_1","Cluster A — South, Kunene South & Erongo","Giraffe","Browser","Woodland_Browser",18316,18113,16915,17388,16206,17506,16382,16283,15123,0,-203,-1401,-929,-2110,-811,-1934,-2033,-3193,0,-1.11026987694347,-7.65000841040164,-5.0699234334884,-11.5202331462207,-4.42611649272112,-10.5615683679652,-11.1003343125924,-17.4347724356158
"Cluster_1","Cluster A — South, Kunene South & Erongo","Hartmann's zebra","Grazer","Arid_Grazer",62331,57461,126269,54267,120070,55735,122767,50464,111281,0,-4869,63938,-8063,57739,-6595,60436,-11867,48950,0,-7.81217712450947,102.579183986769,-12.9363041837608,92.6337808757041,-10.581428605007,96.9603251373755,-19.0388154125657,78.5325630197253
"Cluster_1","Cluster A — South, Kunene South & Erongo","Hippopotamus","Grazer","Wetland_Grazer",3030,2502,10847,2311,10295,2420,10547,2155,9540,0,-529,7817,-719,7265,-610,7516,-875,6509,0,-17.4491018981724,257.946082743848,-23.7270366692047,239.72639872131,-20.135253770912,248.032452030043,-28.8798511414477,214.794844380344
"Cluster_1","Cluster A — South, Kunene South & Erongo","Impala","Mixed","Mixed_Open",341928,316547,668269,299738,635888,306322,649216,279857,590138,0,-25381,326341,-42190,293960,-35606,307288,-62071,248210,0,-7.42298663779405,95.4414195712045,-12.3387939763583,85.9712315415808,-10.413399422363,89.8693307434216,-18.1533403170565,72.5912527952885
"Cluster_1","Cluster A — South, Kunene South & Erongo","Klipspringer","Browser","Rocky_Browser",1727102,1711708,1556016,1640302,1489322,1659102,1510079,1528741,1385055,0,-15393,-171086,-86800,-237779,-68000,-217023,-198361,-342046,0,-0.89128531727844,-9.90596400351671,-5.02576324729304,-13.7675411799774,-3.93721081114933,-12.5657243732122,-11.485169954015,-19.8046378907415
"Cluster_1","Cluster A — South, Kunene South & Erongo","Kudu","Browser","Woodland_Browser",81941,81031,75673,77787,72501,78314,73287,72845,67655,0,-910,-6269,-4154,-9440,-3627,-8654,-9096,-14286,0,-1.11026987694346,-7.65000841040164,-5.0699234334884,-11.5202331462207,-4.42611649272113,-10.5615683679652,-11.1003343125924,-17.4347724356158
"Cluster_1","Cluster A — South, Kunene South & Erongo","Leopard","Carnivore","Carnivore",,,,,,,,,,,,,,,,,,,,,,,,,,,
"Cluster_1","Cluster A — South, Kunene South & Erongo","Ostrich","Mixed","Mixed_Open",170964,158273,334135,149869,317944,153161,324608,139928,295069,0,-12691,163170,-21095,146980,-17803,153644,-31036,124105,0,-7.42298663779405,95.4414195712045,-12.3387939763583,85.9712315415808,-10.413399422363,89.8693307434216,-18.1533403170565,72.5912527952885
"Cluster_1","Cluster A — South, Kunene South & Erongo","Red Hartebeest","Grazer","General_Grazer",88346,77482,242760,72500,230588,75043,236014,67539,213711,0,-10864,154414,-15846,142243,-13302,147669,-20807,125365,0,-12.2969253049583,174.784133038604,-17.935847399178,161.007028915452,-15.0572476124767,167.148924326863,-23.5518536734513,141.90301813834
"Cluster_1","Cluster A — South, Kunene South & Erongo","Red Lechwe","Grazer","Wetland_Grazer",53033,43779,189828,40450,180166,42354,184571,37717,166944,0,-9254,136796,-12583,127133,-10678,131538,-15316,113911,0,-17.4491018981724,257.946082743848,-23.7270366692047,239.72639872131,-20.135253770912,248.032452030043,-28.8798511414477,214.794844380344
"Cluster_1","Cluster A — South, Kunene South & Erongo","Reedbuck","Grazer","Wetland_Grazer",94280,77829,337473,71910,320295,75297,328126,67052,296790,0,-16451,243192,-22370,226015,-18984,233846,-27228,202509,0,-17.4491018981724,257.946082743848,-23.7270366692047,239.72639872131,-20.135253770912,248.032452030043,-28.8798511414477,214.794844380344
"Cluster_1","Cluster A — South, Kunene South & Erongo","Roan","Grazer","General_Grazer",55216,48426,151725,45313,144118,46902,147509,42212,133569,0,-6790,96509,-9903,88902,-8314,92293,-13004,78353,0,-12.2969253049583,174.784133038604,-17.935847399178,161.007028915452,-15.0572476124767,167.148924326863,-23.5518536734513,141.90301813834
"Cluster_1","Cluster A — South, Kunene South & Erongo","Sable","Grazer","General_Grazer",66259,58111,182070,54375,172941,56282,177011,50654,160283,0,-8148,115811,-11884,106682,-9977,110751,-15605,94024,0,-12.2969253049583,174.784133038604,-17.9358473991781,161.007028915452,-15.0572476124767,167.148924326863,-23.5518536734513,141.90301813834
"Cluster_1","Cluster A — South, Kunene South & Erongo","Spotted Hyaena","Carnivore","Carnivore",,,,,,,,,,,,,,,,,,,,,,,,,,,
"Cluster_1","Cluster A — South, Kunene South & Erongo","Springbok","Grazer","Arid_Grazer",459279,423399,930404,399865,884727,410681,904598,371838,819963,0,-35880,471125,-59414,425448,-48598,445319,-87441,360684,0,-7.81217712450947,102.579183986769,-12.9363041837608,92.6337808757041,-10.581428605007,96.9603251373755,-19.0388154125657,78.5325630197253
"Cluster_1","Cluster A — South, Kunene South & Erongo","Steenbok","Browser","Shrub_Browser",2004565,1980969,1885063,1900204,1805137,1916194,1826968,1776927,1682471,0,-23596,-119502,-104361,-199428,-88371,-177597,-227637,-322094,0,-1.17711568568677,-5.96149301309646,-5.20617794538723,-9.94868603975624,-4.40848403987246,-8.85961904647411,-11.3559541478112,-16.0680151993605
"Cluster_1","Cluster A — South, Kunene South & Erongo","Vervet monkey","Omnivore","Omnivore",2291673,2184298,3451641,2080720,3290135,2113185,3350910,1944347,3057226,0,-107375,1159968,-210953,998462,-178488,1059237,-347326,765553,0,-4.6854392239496,50.6166545179507,-9.20520982864305,43.569111926683,-7.78853038003435,46.2211331817465,-15.1559992533362,33.405870154752
"Cluster_1","Cluster A — South, Kunene South & Erongo","Warthog","Grazer","General_Grazer",189312,166032,520199,155357,494117,160807,505745,144725,457951,0,-23280,330887,-33955,304806,-28505,316433,-44586,268639,0,-12.2969253049583,174.784133038604,-17.9358473991781,161.007028915452,-15.0572476124767,167.148924326863,-23.5518536734513,141.90301813834
"Cluster_2","Cluster C — Kavango East, Kavango West & Zambezi","Baboon","Omnivore","Omnivore",432975,412639,411038,407471,406108,410378,407510,385715,382964,0,-20336,-21938,-25505,-26868,-22597,-25466,-47260,-50011,0,-4.69687009272374,-5.06670502060932,-5.89054089182453,-6.20538303990774,-5.21899439397326,-5.88152860663943,-10.9151417832623,-11.5505575654061
"Cluster_2","Cluster C — Kavango East, Kavango West & Zambezi","Black rhinoceros","Browser","Shrub_Browser",15762,15685,13922,15637,13866,15557,13565,14793,12853,0,-76,-1840,-125,-1896,-205,-2197,-969,-2909,0,-0.485304582167889,-11.6707399424533,-0.792658451349473,-12.0264834860957,-1.29771515628694,-13.9385314797395,-6.14901135251827,-18.4572481334607
"Cluster_2","Cluster C — Kavango East, Kavango West & Zambezi","Black-backed Jackal","Carnivore","Carnivore",,,,,,,,,,,,,,,,,,,,,,,,,,,
"Cluster_2","Cluster C — Kavango East, Kavango West & Zambezi","Black-faced Impala","Mixed","Mixed_Open",267943,252073,267808,248099,265243,250624,262334,234827,246424,0,-15870,-135,-19845,-2700,-17319,-5610,-33117,-21519,0,-5.92307219131139,-0.0505409509241798,-7.40635054598128,-1.00783600751543,-6.46368717134848,-2.09358777669365,-12.3596282058296,-8.03131687732147
"Cluster_2","Cluster C — Kavango East, Kavango West & Zambezi","Blue wildebeest","Grazer","General_Grazer",47602,43014,52000,41958,51466,42905,50894,39743,47596,0,-4588,4398,-5644,3864,-4697,3292,-7860,-6,0,-9.63800043193887,9.23813724927316,-11.8572790946354,8.11707444544338,-9.8678118311875,6.91560124111291,-16.5111954363062,-0.0129112499105559
"Cluster_2","Cluster C — Kavango East, Kavango West & Zambezi","Buffalo","Grazer","General_Grazer",20945,18926,22880,18461,22645,18878,22393,17487,20942,0,-2019,1935,-2484,1700,-2067,1448,-3458,-3,0,-9.63800043193887,9.23813724927316,-11.8572790946354,8.11707444544338,-9.8678118311875,6.91560124111291,-16.5111954363062,-0.0129112499105468
"Cluster_2","Cluster C — Kavango East, Kavango West & Zambezi","Burchell's zebra","Grazer","General_Grazer",32727,29572,35750,28846,35383,29497,34990,27323,32722,0,-3154,3023,-3880,2656,-3229,2263,-5404,-4,0,-9.63800043193886,9.23813724927317,-11.8572790946354,8.11707444544338,-9.8678118311875,6.91560124111292,-16.5111954363062,-0.0129112499105503
"Cluster_2","Cluster C — Kavango East, Kavango West & Zambezi","Bushpig","Omnivore","Omnivore",173190,165056,164415,162988,162443,164151,163004,154286,153186,0,-8135,-8775,-10202,-10747,-9039,-10186,-18904,-20004,0,-4.69687009272373,-5.06670502060931,-5.89054089182453,-6.20538303990773,-5.21899439397325,-5.88152860663943,-10.9151417832623,-11.5505575654061
"Cluster_2","Cluster C — Kavango East, Kavango West & Zambezi","Cheetah","Carnivore","Carnivore",,,,,,,,,,,,,,,,,,,,,,,,,,,
"Cluster_2","Cluster C — Kavango East, Kavango West & Zambezi","Damara dik dik","Browser","Shrub_Browser",3152383,3137085,2784477,3127396,2773262,3111474,2712987,2958543,2570540,0,-15299,-367906,-24988,-379121,-40909,-439396,-193840,-581843,0,-0.485304582167893,-11.6707399424533,-0.79265845134947,-12.0264834860957,-1.29771515628695,-13.9385314797394,-6.14901135251827,-18.4572481334607
"Cluster_2","Cluster C — Kavango East, Kavango West & Zambezi","Duiker","Browser","Woodland_Browser",856886,830167,771363,822074,758383,824135,776581,777859,730579,0,-26719,-85522,-34812,-98502,-32751,-80305,-79027,-126307,0,-3.11811502001801,-9.98057135919771,-4.06259331879638,-11.4953785186297,-3.82207183596813,-9.37171461461898,-9.22257624044012,-14.7402306855713
"Cluster_2","Cluster C — Kavango East, Kavango West & Zambezi","Eland","Mixed","Mixed_Open",26794,25207,26781,24810,26524,25062,26233,23483,24642,0,-1587,-14,-1984,-270,-1732,-561,-3312,-2152,0,-5.92307219131139,-0.0505409509241798,-7.40635054598129,-1.00783600751545,-6.46368717134849,-2.09358777669365,-12.3596282058297,-8.03131687732148
"Cluster_2","Cluster C — Kavango East, Kavango West & Zambezi","Elephant","Mixed","Large_Mixed",4091,3923,3905,3879,3867,3899,3843,3671,3618,0,-167,-186,-212,-223,-192,-247,-420,-473,0,-4.08840164647098,-4.54374273704631,-5.17567371523829,-5.46056465341613,-4.69287785169452,-6.04789521535729,-10.2582136945149,-11.5609684484339
"Cluster_2","Cluster C — Kavango East, Kavango West & Zambezi","Gemsbok","Mixed","Arid_Mixed",55225,52699,54732,52036,54529,52315,52635,49234,49620,0,-2527,-493,-3189,-697,-2911,-2591,-5991,-5605,0,-4.57505464587137,-0.893452277078214,-5.77467121389765,-1.26174279330764,-5.27027409995508,-4.69080839261754,-10.8490651848222,-10.1495732019211
"Cluster_2","Cluster C — Kavango East, Kavango West & Zambezi","Giraffe","Browser","Woodland_Browser",17642,17092,15881,16925,15614,16967,15988,16015,15041,0,-550,-1761,-717,-2028,-674,-1653,-1627,-2600,0,-3.11811502001803,-9.98057135919772,-4.06259331879639,-11.4953785186297,-3.82207183596813,-9.37171461461897,-9.22257624044012,-14.7402306855713
"Cluster_2","Cluster C — Kavango East, Kavango West & Zambezi","Hartmann's zebra","Grazer","Arid_Grazer",33179,30735,35008,30139,34811,30551,33697,28523,31649,0,-2444,1829,-3041,1632,-2628,518,-4656,-1530,0,-7.36617300771051,5.51264169525504,-9.16392832542133,4.9184968660179,-7.92139115668865,1.56207056040557,-14.031996811533,-4.6118893342627
"Cluster_2","Cluster C — Kavango East, Kavango West & Zambezi","Hippopotamus","Grazer","Wetland_Grazer",5386,4962,5721,4876,5670,4978,5697,4625,5330,0,-425,335,-510,284,-408,311,-761,-56,0,-7.88158416496747,6.22554379074012,-9.46944956980004,5.27011044238201,-7.58134943642836,5.77551215452229,-14.1261539874083,-1.03696597271599
"Cluster_2","Cluster C — Kavango East, Kavango West & Zambezi","Impala","Mixed","Mixed_Open",267943,252073,267808,248099,265243,250624,262334,234827,246424,0,-15870,-135,-19845,-2700,-17319,-5610,-33117,-21519,0,-5.92307219131139,-0.0505409509241798,-7.40635054598128,-1.00783600751543,-6.46368717134848,-2.09358777669365,-12.3596282058296,-8.03131687732147
"Cluster_2","Cluster C — Kavango East, Kavango West & Zambezi","Klipspringer","Browser","Rocky_Browser",1039014,1039771,913650,1037870,912105,1030911,884545,981748,839401,0,756,-125365,-1144,-126910,-8104,-154469,-57267,-199613,0,0.0728013822951089,-12.0657455349052,-0.110118606438311,-12.2144331503609,-0.779954319318499,-14.8669085418199,-5.5116256901777,-19.21179400269
"Cluster_2","Cluster C — Kavango East, Kavango West & Zambezi","Kudu","Browser","Woodland_Browser",78924,76463,71047,75717,69851,75907,71527,71645,67290,0,-2461,-7877,-3206,-9073,-3017,-7397,-7279,-11634,0,-3.11811502001803,-9.98057135919772,-4.0625933187964,-11.4953785186297,-3.82207183596813,-9.37171461461897,-9.22257624044013,-14.7402306855713
"Cluster_2","Cluster C — Kavango East, Kavango West & Zambezi","Leopard","Carnivore","Carnivore",,,,,,,,,,,,,,,,,,,,,,,,,,,
"Cluster_2","Cluster C — Kavango East, Kavango West & Zambezi","Ostrich","Mixed","Mixed_Open",133972,126036,133904,124049,132621,125312,131167,117413,123212,0,-7935,-68,-9922,-1350,-8660,-2805,-16558,-10760,0,-5.92307219131139,-0.0505409509241798,-7.40635054598128,-1.00783600751543,-6.46368717134848,-2.09358777669365,-12.3596282058296,-8.03131687732147
"Cluster_2","Cluster C — Kavango East, Kavango West & Zambezi","Red Hartebeest","Grazer","General_Grazer",69817,63088,76266,61538,75484,62927,74645,58289,69808,0,-6729,6450,-8278,5667,-6889,4828,-11528,-9,0,-9.63800043193887,9.23813724927315,-11.8572790946354,8.11707444544337,-9.86781183118752,6.91560124111291,-16.5111954363062,-0.0129112499105434
"Cluster_2","Cluster C — Kavango East, Kavango West & Zambezi","Red Lechwe","Grazer","Wetland_Grazer",94256,86827,100124,85331,99224,87110,99700,80941,93279,0,-7429,5868,-8926,4967,-7146,5444,-13315,-977,0,-7.88158416496748,6.22554379074012,-9.46944956980004,5.27011044238201,-7.58134943642836,5.7755121545223,-14.1261539874083,-1.03696597271599
"Cluster_2","Cluster C — Kavango East, Kavango West & Zambezi","Reedbuck","Grazer","Wetland_Grazer",167567,154360,177999,151699,176398,154863,177245,143896,165829,0,-13207,10432,-15868,8831,-12704,9678,-23671,-1738,0,-7.88158416496748,6.22554379074012,-9.46944956980004,5.27011044238201,-7.58134943642834,5.7755121545223,-14.1261539874083,-1.03696597271598
"Cluster_2","Cluster C — Kavango East, Kavango West & Zambezi","Roan","Grazer","General_Grazer",43635,39430,47666,38461,47177,39330,46653,36431,43630,0,-4206,4031,-5174,3542,-4306,3018,-7205,-6,0,-9.63800043193888,9.23813724927315,-11.8572790946354,8.11707444544337,-9.86781183118751,6.91560124111291,-16.5111954363062,-0.0129112499105559
"Cluster_2","Cluster C — Kavango East, Kavango West & Zambezi","Sable","Grazer","General_Grazer",52362,47316,57200,46154,56613,47195,55984,43717,52356,0,-5047,4837,-6209,4250,-5167,3621,-8646,-7,0,-9.63800043193886,9.23813724927316,-11.8572790946354,8.11707444544339,-9.8678118311875,6.91560124111291,-16.5111954363062,-0.0129112499105503
"Cluster_2","Cluster C — Kavango East, Kavango West & Zambezi","Spotted Hyaena","Carnivore","Carnivore",,,,,,,,,,,,,,,,,,,,,,,,,,,
"Cluster_2","Cluster C — Kavango East, Kavango West & Zambezi","Springbok","Grazer","Arid_Grazer",244478,226470,257955,222074,256503,225112,248297,210173,233203,0,-18009,13477,-22404,12025,-19366,3819,-34305,-11275,0,-7.36617300771052,5.51264169525503,-9.16392832542133,4.91849686601789,-7.92139115668866,1.56207056040557,-14.031996811533,-4.61188933426271
"Cluster_2","Cluster C — Kavango East, Kavango West & Zambezi","Steenbok","Browser","Shrub_Browser",1576192,1568542,1392238,1563698,1386631,1555737,1356494,1479271,1285270,0,-7649,-183953,-12494,-189560,-20454,-219698,-96920,-290922,0,-0.485304582167893,-11.6707399424533,-0.79265845134947,-12.0264834860957,-1.29771515628695,-13.9385314797394,-6.14901135251827,-18.4572481334607
"Cluster_2","Cluster C — Kavango East, Kavango West & Zambezi","Vervet monkey","Omnivore","Omnivore",2078282,1980667,1972981,1955860,1949316,1969816,1956047,1851434,1838228,0,-97614,-105300,-122422,-128965,-108465,-122235,-226847,-240053,0,-4.69687009272373,-5.06670502060931,-5.89054089182452,-6.20538303990773,-5.21899439397325,-5.88152860663942,-10.9151417832623,-11.5505575654061
"Cluster_2","Cluster C — Kavango East, Kavango West & Zambezi","Warthog","Grazer","General_Grazer",149607,135188,163428,131868,161751,134844,159953,124905,149588,0,-14419,13821,-17739,12144,-14763,10346,-24702,-19,0,-9.63800043193887,9.23813724927316,-11.8572790946354,8.11707444544338,-9.86781183118751,6.91560124111291,-16.5111954363062,-0.0129112499105531
"Cluster_3","Cluster B — Omaheke & Otjozondjupa (Central / Group 4)","Baboon","Omnivore","Omnivore",3317052,3177423,3177429,3074331,3074333,3075643,3075649,2887687,2887689,0,-139628,-139623,-242720,-242718,-241408,-241403,-429364,-429362,0,-4.20941561702451,-4.20924203172483,-7.31734721857482,-7.31729123239619,-7.27779977280894,-7.2776320821489,-12.9441527212952,-12.9441001126396
"Cluster_3","Cluster B — Omaheke & Otjozondjupa (Central / Group 4)","Black rhinoceros","Browser","Shrub_Browser",155907,151115,70700,146522,68468,146275,68435,137628,64312,0,-4792,-85208,-9385,-87439,-9633,-87473,-18279,-91595,0,-3.07377395812777,-54.6528070379275,-6.01952126170707,-56.0841744198287,-6.17853789992562,-56.1055458974632,-11.7245720949143,-58.7495742676411
"Cluster_3","Cluster B — Omaheke & Otjozondjupa (Central / Group 4)","Black-backed Jackal","Carnivore","Carnivore",,,,,,,,,,,,,,,,,,,,,,,,,,,
"Cluster_3","Cluster B — Omaheke & Otjozondjupa (Central / Group 4)","Black-faced Impala","Mixed","Mixed_Open",2106256,1999249,3109026,1931050,3008215,1935207,3009439,1813803,2825569,0,-107007,1002769,-175206,901959,-171049,903182,-292453,719312,0,-5.08045226810953,47.6090847179948,-8.31838276006435,42.8228485829287,-8.12100113077688,42.880938506649,-13.8849859675814,34.1512307250836
"Cluster_3","Cluster B — Omaheke & Otjozondjupa (Central / Group 4)","Blue wildebeest","Grazer","General_Grazer",272958,251359,803315,241385,777127,243306,777584,226725,729939,0,-21599,530357,-31572,504170,-29651,504627,-46233,456982,0,-7.91292842636531,194.300338034846,-11.5667410957758,184.706211839164,-10.8629251451387,184.873642005602,-16.9377517510806,167.418585252359
"Cluster_3","Cluster B — Omaheke & Otjozondjupa (Central / Group 4)","Buffalo","Grazer","General_Grazer",120101,110598,353459,106210,341936,107055,342137,99759,321173,0,-9504,233357,-13892,221835,-13047,222036,-20342,201072,0,-7.9129284263653,194.300338034846,-11.5667410957758,184.706211839164,-10.8629251451387,184.873642005602,-16.9377517510806,167.418585252359
"Cluster_3","Cluster B — Omaheke & Otjozondjupa (Central / Group 4)","Burchell's zebra","Grazer","General_Grazer",187658,172809,552279,165952,534275,167273,534589,155873,501833,0,-14849,364621,-21706,346617,-20385,346931,-31785,314175,0,-7.9129284263653,194.300338034846,-11.5667410957758,184.706211839164,-10.8629251451387,184.873642005602,-16.9377517510806,167.418585252359
"Cluster_3","Cluster B — Omaheke & Otjozondjupa (Central / Group 4)","Bushpig","Omnivore","Omnivore",1326821,1270969,1270972,1229733,1229733,1230257,1230260,1155075,1155076,0,-55851,-55849,-97088,-97087,-96563,-96561,-171746,-171745,0,-4.2094156170245,-4.20924203172483,-7.31734721857482,-7.3172912323962,-7.27779977280894,-7.27763208214889,-12.9441527212952,-12.9441001126396
"Cluster_3","Cluster B — Omaheke & Otjozondjupa (Central / Group 4)","Cheetah","Carnivore","Carnivore",,,,,,,,,,,,,,,,,,,,,,,,,,,
"Cluster_3","Cluster B — Omaheke & Otjozondjupa (Central / Group 4)","Damara dik dik","Browser","Shrub_Browser",31181466,30223018,14139919,29304491,13693598,29254907,13686934,27525572,12862487,0,-958448,-17041546,-1876975,-17487868,-1926559,-17494532,-3655893,-18318978,0,-3.07377395812778,-54.6528070379276,-6.01952126170706,-56.0841744198287,-6.17853789992562,-56.1055458974632,-11.7245720949143,-58.7495742676411
"Cluster_3","Cluster B — Omaheke & Otjozondjupa (Central / Group 4)","Duiker","Browser","Woodland_Browser",7589975,7344092,3254385,7118884,3149255,7108856,3150137,6686738,2958124,0,-245882,-4335590,-471090,-4440719,-481119,-4439837,-903236,-4631851,0,-3.23956646122089,-57.12258822026,-6.20674462774535,-58.5076938250048,-6.33887454063315,-58.4960766147597,-11.9003847278709,-61.0259073259913
"Cluster_3","Cluster B — Omaheke & Otjozondjupa (Central / Group 4)","Eland","Mixed","Mixed_Open",210626,199925,310903,193105,300822,193521,300944,181380,282557,0,-10701,100277,-17521,90196,-17105,90318,-29245,71931,0,-5.08045226810954,47.6090847179948,-8.31838276006434,42.8228485829287,-8.12100113077689,42.880938506649,-13.8849859675814,34.1512307250836
"Cluster_3","Cluster B — Omaheke & Otjozondjupa (Central / Group 4)","Elephant","Mixed","Large_Mixed",34113,32687,33836,31627,32742,31640,32752,29707,30754,0,-1426,-277,-2486,-1370,-2473,-1360,-4406,-3358,0,-4.1796030154373,-0.810796480701844,-7.28651783553592,-4.01736637697225,-7.24895296948044,-3.98804817386085,-12.9152348444652,-9.84456817789727
"Cluster_3","Cluster B — Omaheke & Otjozondjupa (Central / Group 4)","Gemsbok","Mixed","Arid_Mixed",499031,475059,700999,459099,678398,459842,678544,431224,637209,0,-23972,201968,-39932,179367,-39189,179513,-67807,138178,0,-4.80361167918616,40.4720159690586,-8.00192888525891,35.9430686316513,-7.85307989999072,35.9724105360492,-13.5876716004232,27.6892270911489
"Cluster_3","Cluster B — Omaheke & Otjozondjupa (Central / Group 4)","Giraffe","Browser","Woodland_Browser",156264,151202,67002,146565,64838,146359,64856,137668,60903,0,-5062,-89262,-9699,-91427,-9905,-91408,-18596,-95362,0,-3.23956646122088,-57.12258822026,-6.20674462774534,-58.5076938250048,-6.33887454063314,-58.4960766147597,-11.9003847278709,-61.0259073259913
"Cluster_3","Cluster B — Omaheke & Otjozondjupa (Central / Group 4)","Hartmann's zebra","Grazer","Arid_Grazer",265936,249674,556985,240659,538941,241675,539144,226045,506218,0,-16262,291049,-25277,273006,-24260,273208,-39890,240282,0,-6.11499598054392,109.443596208745,-9.50477972448489,102.658707713052,-9.12252146579351,102.73483732563,-15.0000397864761,90.3534966811363
"Cluster_3","Cluster B — Omaheke & Otjozondjupa (Central / Group 4)","Hippopotamus","Grazer","Wetland_Grazer",13090,11649,55304,11108,53481,11276,53533,10433,50233,0,-1441,42214,-1982,40390,-1815,40442,-2657,37143,0,-11.0101937085756,322.480527777571,-15.1444053452622,308.550050548691,-13.8614721229318,308.947859104276,-20.2997096082841,283.741796289764
"Cluster_3","Cluster B — Omaheke & Otjozondjupa (Central / Group 4)","Impala","Mixed","Mixed_Open",2106256,1999249,3109026,1931050,3008215,1935207,3009439,1813803,2825569,0,-107007,1002769,-175206,901959,-171049,903182,-292453,719312,0,-5.08045226810953,47.6090847179948,-8.31838276006435,42.8228485829287,-8.12100113077688,42.880938506649,-13.8849859675814,34.1512307250836
"Cluster_3","Cluster B — Omaheke & Otjozondjupa (Central / Group 4)","Klipspringer","Browser","Rocky_Browser",10624053,10301484,4818621,9989049,4667157,9971503,4664250,9382667,4383891,0,-322568,-5805432,-635004,-5956895,-652550,-5959802,-1241386,-6240161,0,-3.03620888847808,-54.6442281824837,-5.97704028417022,-56.0698975843133,-6.14219335936461,-56.0972593768312,-11.684672411518,-58.7361663122732
"Cluster_3","Cluster B — Omaheke & Otjozondjupa (Central / Group 4)","Kudu","Browser","Woodland_Browser",699077,676430,299746,655687,290063,654763,290144,615884,272459,0,-22647,-399331,-43390,-409014,-44314,-408932,-83193,-426618,0,-3.23956646122088,-57.12258822026,-6.20674462774535,-58.5076938250048,-6.33887454063316,-58.4960766147597,-11.9003847278709,-61.0259073259913
"Cluster_3","Cluster B — Omaheke & Otjozondjupa (Central / Group 4)","Leopard","Carnivore","Carnivore",,,,,,,,,,,,,,,,,,,,,,,,,,,
"Cluster_3","Cluster B — Omaheke & Otjozondjupa (Central / Group 4)","Ostrich","Mixed","Mixed_Open",1053128,999625,1554513,965525,1504108,967604,1504719,906901,1412784,0,-53504,501385,-87603,450979,-85525,451591,-146227,359656,0,-5.08045226810953,47.6090847179948,-8.31838276006435,42.8228485829287,-8.12100113077688,42.880938506649,-13.8849859675814,34.1512307250836
"Cluster_3","Cluster B — Omaheke & Otjozondjupa (Central / Group 4)","Red Hartebeest","Grazer","General_Grazer",400338,368659,1178195,354032,1139786,356849,1140457,332530,1070578,0,-31678,777858,-46306,739449,-43488,740119,-67808,670240,0,-7.91292842636531,194.300338034846,-11.5667410957758,184.706211839164,-10.8629251451387,184.873642005602,-16.9377517510806,167.418585252359
"Cluster_3","Cluster B — Omaheke & Otjozondjupa (Central / Group 4)","Red Lechwe","Grazer","Wetland_Grazer",229081,203859,967823,194388,935911,197327,936822,182578,879080,0,-25222,738742,-34693,706830,-31754,707741,-46503,649999,0,-11.0101937085756,322.480527777571,-15.1444053452622,308.550050548691,-13.8614721229318,308.947859104276,-20.2997096082841,283.741796289764
"Cluster_3","Cluster B — Omaheke & Otjozondjupa (Central / Group 4)","Reedbuck","Grazer","Wetland_Grazer",407255,362416,1720575,345579,1663842,350804,1665462,324584,1562809,0,-44840,1313319,-61676,1256587,-56452,1258207,-82672,1155554,0,-11.0101937085756,322.480527777571,-15.1444053452622,308.550050548691,-13.8614721229318,308.947859104276,-20.2997096082841,283.741796289764
"Cluster_3","Cluster B — Omaheke & Otjozondjupa (Central / Group 4)","Roan","Grazer","General_Grazer",250211,230412,736372,221270,712367,223031,712785,207831,669111,0,-19799,486161,-28941,462155,-27180,462574,-42380,418900,0,-7.9129284263653,194.300338034846,-11.5667410957758,184.706211839164,-10.8629251451387,184.873642005602,-16.9377517510806,167.418585252359
"Cluster_3","Cluster B — Omaheke & Otjozondjupa (Central / Group 4)","Sable","Grazer","General_Grazer",300253,276494,883647,265524,854840,267637,855343,249397,802933,0,-23759,583393,-34730,554587,-32616,555089,-50856,502680,0,-7.9129284263653,194.300338034846,-11.5667410957758,184.706211839164,-10.8629251451387,184.873642005602,-16.9377517510806,167.418585252359
"Cluster_3","Cluster B — Omaheke & Otjozondjupa (Central / Group 4)","Spotted Hyaena","Carnivore","Carnivore",,,,,,,,,,,,,,,,,,,,,,,,,,,
"Cluster_3","Cluster B — Omaheke & Otjozondjupa (Central / Group 4)","Springbok","Grazer","Arid_Grazer",1959525,1839700,4104099,1773276,3971148,1780767,3972640,1665595,3730024,0,-119825,2144574,-186249,2011623,-178758,2013115,-293930,1770499,0,-6.11499598054393,109.443596208745,-9.50477972448491,102.658707713051,-9.12252146579352,102.73483732563,-15.0000397864761,90.3534966811363
"Cluster_3","Cluster B — Omaheke & Otjozondjupa (Central / Group 4)","Steenbok","Browser","Shrub_Browser",15590733,15111509,7069960,14652245,6846799,14627453,6843467,13762786,6431244,0,-479224,-8520773,-938487,-8743934,-963279,-8747266,-1827947,-9159489,0,-3.07377395812778,-54.6528070379276,-6.01952126170706,-56.0841744198287,-6.17853789992562,-56.1055458974632,-11.7245720949143,-58.7495742676411
"Cluster_3","Cluster B — Omaheke & Otjozondjupa (Central / Group 4)","Vervet monkey","Omnivore","Omnivore",15921847,15251631,15251658,14756791,14756800,14763087,14763114,13860899,13860908,0,-670217,-670189,-1165057,-1165048,-1158760,-1158733,-2060948,-2060940,0,-4.20941561702451,-4.20924203172485,-7.31734721857482,-7.3172912323962,-7.27779977280895,-7.27763208214889,-12.9441527212952,-12.9441001126396
"Cluster_3","Cluster B — Omaheke & Otjozondjupa (Central / Group 4)","Warthog","Grazer","General_Grazer",857867,789984,2524704,758639,2442400,764677,2443836,712563,2294095,0,-67882,1666838,-99227,1584533,-93189,1585969,-145303,1436228,0,-7.91292842636529,194.300338034846,-11.5667410957758,184.706211839164,-10.8629251451387,184.873642005602,-16.9377517510806,167.418585252359
"Cluster_4","Cluster E — Kunene (North)","Baboon","Omnivore","Omnivore",1561177,1513589,2043216,1442973,1947275,1464536,1981317,1369679,1845355,0,-47588,482038,-118205,386098,-96641,420140,-191498,284178,0,-3.0482392950733,30.8765976580248,-7.5715108862395,24.7312098490788,-6.19027452187227,26.9117294305199,-12.2662828769691,18.2027849840533
"Cluster_4","Cluster E — Kunene (North)","Black rhinoceros","Browser","Shrub_Browser",70032,69102,48159,66095,45975,66855,46658,62793,43613,0,-930,-21873,-3936,-24057,-3177,-23373,-7239,-26419,0,-1.32728857397606,-31.2328286775722,-5.62100701277494,-34.3509333809258,-4.53653780339447,-33.3753329591014,-10.3372136835974,-37.7243647612336
"Cluster_4","Cluster E — Kunene (North)","Black-backed Jackal","Carnivore","Carnivore",,,,,,,,,,,,,,,,,,,,,,,,,,,
"Cluster_4","Cluster E — Kunene (North)","Black-faced Impala","Mixed","Mixed_Open",1046230,998811,1966866,949368,1873583,966599,1907865,900362,1774898,0,-47419,920635,-96862,827353,-79631,861634,-145869,728668,0,-4.53237196096879,87.9954612862127,-9.25822143562046,79.0793989273048,-7.61126631728144,82.3560471610708,-13.9422975090825,69.6469842348294
"Cluster_4","Cluster E — Kunene (North)","Blue wildebeest","Grazer","General_Grazer",157570,145005,501615,136791,477570,140403,486719,129440,452259,0,-12565,344045,-20778,320000,-17167,329149,-28130,294689,0,-7.97434492010045,218.344543812229,-13.1867963227217,203.08420758406,-10.8950039319226,208.890867610877,-17.8523698009071,187.020891692421
"Cluster_4","Cluster E — Kunene (North)","Buffalo","Grazer","General_Grazer",69331,63802,220711,60188,210131,61777,214156,56954,198994,0,-5529,151380,-9143,140800,-7554,144826,-12377,129663,0,-7.97434492010046,218.344543812229,-13.1867963227217,203.08420758406,-10.8950039319226,208.890867610877,-17.8523698009071,187.020891692421
"Cluster_4","Cluster E — Kunene (North)","Burchell's zebra","Grazer","General_Grazer",108329,99691,344860,94044,328329,96527,334619,88990,310928,0,-8639,236531,-14285,220000,-11802,226290,-19339,202598,0,-7.97434492010046,218.344543812229,-13.1867963227217,203.08420758406,-10.8950039319226,208.890867610877,-17.8523698009071,187.020891692421
"Cluster_4","Cluster E — Kunene (North)","Bushpig","Omnivore","Omnivore",624471,605436,817286,577189,778910,585814,792527,547872,738142,0,-19035,192815,-47282,154439,-38656,168056,-76599,113671,0,-3.04823929507329,30.8765976580248,-7.57151088623948,24.7312098490788,-6.19027452187225,26.91172943052,-12.2662828769691,18.2027849840534
"Cluster_4","Cluster E — Kunene (North)","Cheetah","Carnivore","Carnivore",,,,,,,,,,,,,,,,,,,,,,,,,,,
"Cluster_4","Cluster E — Kunene (North)","Damara dik dik","Browser","Shrub_Browser",14006370,13820465,9631784,13219071,9195051,13370966,9331697,12558501,8722556,0,-185905,-4374586,-787299,-4811319,-635404,-4674673,-1447868,-5283814,0,-1.32728857397607,-31.2328286775722,-5.62100701277493,-34.3509333809258,-4.53653780339447,-33.3753329591014,-10.3372136835974,-37.7243647612336
"Cluster_4","Cluster E — Kunene (North)","Duiker","Browser","Woodland_Browser",3295599,3250955,2166753,3110490,2069111,3144395,2098690,2955824,1963298,0,-44644,-1128846,-185109,-1226488,-151204,-1196909,-339775,-1332301,0,-1.35466457127125,-34.2531383707576,-5.61685937741578,-37.2159396908894,-4.58805111325903,-36.3184084427007,-10.309953986053,-40.4266671886414
"Cluster_4","Cluster E — Kunene (North)","Eland","Mixed","Mixed_Open",104623,99881,196687,94937,187358,96660,190786,90036,177490,0,-4742,92064,-9686,82735,-7963,86163,-14587,72867,0,-4.5323719609688,87.9954612862127,-9.25822143562047,79.0793989273048,-7.61126631728145,82.3560471610708,-13.9422975090825,69.6469842348293
"Cluster_4","Cluster E — Kunene (North)","Elephant","Mixed","Large_Mixed",16318,15819,21847,15079,20822,15308,21187,14311,19731,0,-499,5529,-1239,4503,-1010,4869,-2007,3412,0,-3.06052829238372,33.8836669233059,-7.59571692429132,27.5973054956192,-6.19129523590561,29.8356202196947,-12.3012691642215,20.9116996505106
"Cluster_4","Cluster E — Kunene (North)","Gemsbok","Mixed","Arid_Mixed",263421,253028,454663,240614,433105,245000,441069,228134,410265,0,-10392,191242,-22806,169684,-18421,177648,-35286,146844,0,-3.94511434578923,72.5996295643708,-8.65774482192762,64.4156481057882,-6.99295766178552,67.4388808158043,-13.3954513850944,55.7451461088654
"Cluster_4","Cluster E — Kunene (North)","Giraffe","Browser","Woodland_Browser",67851,66931,44610,64039,42599,64738,43208,60855,40421,0,-919,-23241,-3811,-25251,-3113,-24642,-6995,-27430,0,-1.35466457127124,-34.2531383707575,-5.61685937741577,-37.2159396908894,-4.58805111325901,-36.3184084427007,-10.309953986053,-40.4266671886414
"Cluster_4","Cluster E — Kunene (North)","Hartmann's zebra","Grazer","Arid_Grazer",156910,148515,359236,140753,342077,143881,348575,133291,323957,0,-8395,202326,-16157,185167,-13029,191665,-23619,167047,0,-5.35044080292778,128.944245029784,-10.2966762555377,118.008609325768,-8.30337123316819,122.149879414238,-15.0527774842385,106.460659874815
"Cluster_4","Cluster E — Kunene (North)","Hippopotamus","Grazer","Wetland_Grazer",7787,6906,33973,6470,32339,6685,32965,6113,30623,0,-882,26185,-1317,24552,-1103,25178,-1674,22836,0,-11.320083795925,336.249872140982,-16.9168386274223,315.27278285009,-14.1592998088006,323.310968941775,-21.5013054388485,293.23804312848
"Cluster_4","Cluster E — Kunene (North)","Impala","Mixed","Mixed_Open",1046230,998811,1966866,949368,1873583,966599,1907865,900362,1774898,0,-47419,920635,-96862,827353,-79631,861634,-145869,728668,0,-4.53237196096879,87.9954612862127,-9.25822143562046,79.0793989273048,-7.61126631728144,82.3560471610708,-13.9422975090825,69.6469842348294
"Cluster_4","Cluster E — Kunene (North)","Klipspringer","Browser","Rocky_Browser",5220570,5163313,3554260,4936306,3392037,4999119,3445385,4686672,3216309,0,-57256,-1666309,-284264,-1828532,-221451,-1775184,-533897,-2004260,0,-1.0967467155257,-31.9181512093156,-5.44507696692974,-35.0255316562167,-4.24188852321701,-34.003648343148,-10.2267992768827,-38.3916037520482
"Cluster_4","Cluster E — Kunene (North)","Kudu","Browser","Woodland_Browser",303542,299430,199569,286492,190576,289615,193300,272247,180830,0,-4112,-103973,-17050,-112966,-13927,-110242,-31295,-122712,0,-1.35466457127124,-34.2531383707576,-5.61685937741579,-37.2159396908894,-4.58805111325902,-36.3184084427007,-10.309953986053,-40.4266671886414
"Cluster_4","Cluster E — Kunene (North)","Leopard","Carnivore","Carnivore",,,,,,,,,,,,,,,,,,,,,,,,,,,
"Cluster_4","Cluster E — Kunene (North)","Ostrich","Mixed","Mixed_Open",523115,499406,983433,474684,936792,483300,953932,450181,887449,0,-23710,460318,-48431,413676,-39816,430817,-72934,364334,0,-4.53237196096879,87.9954612862127,-9.25822143562046,79.0793989273048,-7.61126631728144,82.3560471610708,-13.9422975090825,69.6469842348294
"Cluster_4","Cluster E — Kunene (North)","Red Hartebeest","Grazer","General_Grazer",231103,212674,735702,200628,700435,205924,713855,189845,663313,0,-18429,504600,-30475,469333,-25179,482752,-41257,432210,0,-7.97434492010045,218.344543812229,-13.1867963227217,203.08420758406,-10.8950039319226,208.890867610877,-17.8523698009071,187.020891692421
"Cluster_4","Cluster E — Kunene (North)","Red Lechwe","Grazer","Wetland_Grazer",136281,120854,594527,113227,565939,116985,576893,106979,535910,0,-15427,458246,-23054,429658,-19296,440612,-29302,399628,0,-11.320083795925,336.249872140982,-16.9168386274223,315.27278285009,-14.1592998088006,323.310968941775,-21.5013054388485,293.23804312848
"Cluster_4","Cluster E — Kunene (North)","Reedbuck","Grazer","Wetland_Grazer",242278,214852,1056936,201292,1006114,207973,1025588,190185,952728,0,-27426,814659,-40986,763836,-34305,783311,-52093,710451,0,-11.320083795925,336.249872140982,-16.9168386274223,315.27278285009,-14.1592998088006,323.310968941775,-21.5013054388485,293.23804312848
"Cluster_4","Cluster E — Kunene (North)","Roan","Grazer","General_Grazer",144439,132921,459814,125392,437772,128702,446159,118653,414570,0,-11518,315375,-19047,293333,-15737,301720,-25786,270131,0,-7.97434492010046,218.344543812229,-13.1867963227217,203.08420758406,-10.8950039319226,208.890867610877,-17.852369800907,187.020891692421
"Cluster_4","Cluster E — Kunene (North)","Sable","Grazer","General_Grazer",173327,159505,551777,150471,525326,154443,535391,142384,497484,0,-13822,378450,-22856,352000,-18884,362064,-30943,324158,0,-7.97434492010046,218.344543812229,-13.1867963227217,203.08420758406,-10.8950039319226,208.890867610877,-17.8523698009071,187.020891692421
"Cluster_4","Cluster E — Kunene (North)","Spotted Hyaena","Carnivore","Carnivore",,,,,,,,,,,,,,,,,,,,,,,,,,,
"Cluster_4","Cluster E — Kunene (North)","Springbok","Grazer","Arid_Grazer",1156178,1094318,2647004,1037130,2520568,1060177,2568449,982141,2387054,0,-61861,1490826,-119048,1364390,-96002,1412271,-174037,1230875,0,-5.35044080292778,128.944245029784,-10.2966762555377,118.008609325768,-8.30337123316817,122.149879414238,-15.0527774842384,106.460659874815
"Cluster_4","Cluster E — Kunene (North)","Steenbok","Browser","Shrub_Browser",7003185,6910232,4815892,6609535,4597526,6685483,4665849,6279251,4361278,0,-92952,-2187293,-393650,-2405659,-317702,-2337336,-723934,-2641907,0,-1.32728857397607,-31.2328286775722,-5.62100701277493,-34.3509333809258,-4.53653780339447,-33.3753329591014,-10.3372136835974,-37.7243647612336
"Cluster_4","Cluster E — Kunene (North)","Vervet monkey","Omnivore","Omnivore",7493652,7265227,9807436,6926269,9346922,7029774,9510323,6574459,8857705,0,-228424,2313785,-567383,1853271,-463878,2016671,-919192,1364053,0,-3.04823929507329,30.8765976580248,-7.5715108862395,24.7312098490788,-6.19027452187226,26.9117294305199,-12.2662828769691,18.2027849840534
"Cluster_4","Cluster E — Kunene (North)","Warthog","Grazer","General_Grazer",495220,455729,1576505,429916,1500933,441266,1529689,406811,1421384,0,-39491,1081285,-65304,1005713,-53954,1034469,-88408,926164,0,-7.97434492010046,218.344543812229,-13.1867963227217,203.08420758406,-10.8950039319226,208.890867610877,-17.8523698009071,187.020891692421
"Cluster_5","Cluster D — Omusati, Oshana, Oshikoto & Ohangwena","Baboon","Omnivore","Omnivore",783196,766075,767200,740588,741620,738839,740121,705225,706201,0,-17121,-15996,-42609,-41576,-44357,-43075,-77971,-76996,0,-2.18606375858497,-2.04245722953696,-5.44034750546363,-5.30852184714049,-5.6636354071781,-5.49992716924947,-9.95553220623056,-9.8309426390426
"Cluster_5","Cluster D — Omusati, Oshana, Oshikoto & Ohangwena","Black rhinoceros","Browser","Shrub_Browser",28810,28842,21654,28008,20952,27821,20849,26672,19954,0,32,-7156,-803,-7858,-990,-7961,-2138,-8856,0,0.110024422552554,-24.8376458812293,-2.78592076991383,-27.2765563601013,-3.43484123173917,-27.6337603839713,-7.42095367323011,-30.7383518299534
"Cluster_5","Cluster D — Omusati, Oshana, Oshikoto & Ohangwena","Black-backed Jackal","Carnivore","Carnivore",,,,,,,,,,,,,,,,,,,,,,,,,,,
"Cluster_5","Cluster D — Omusati, Oshana, Oshikoto & Ohangwena","Black-faced Impala","Mixed","Mixed_Open",595697,583598,681231,563887,660020,562779,658621,536933,628418,0,-12099,85534,-31809,64323,-32917,62924,-58764,32721,0,-2.03106045783922,14.3586532224048,-5.33984134671757,10.7980206847827,-5.52585545909868,10.5631762046802,-9.864696015511,5.49292607934128
"Cluster_5","Cluster D — Omusati, Oshana, Oshikoto & Ohangwena","Blue wildebeest","Grazer","General_Grazer",115480,111639,160250,107532,155394,107637,155198,102383,147937,0,-3841,44771,-7948,39914,-7843,39718,-13096,32457,0,-3.32596874574051,38.7693128399253,-6.8823317698864,34.5636142480001,-6.79158641552869,34.3938922012875,-11.3407148483389,28.1063850107849
"Cluster_5","Cluster D — Omusati, Oshana, Oshikoto & Ohangwena","Buffalo","Grazer","General_Grazer",50811,49121,70510,47314,68373,47360,68287,45049,65092,0,-1690,19699,-3497,17562,-3451,17476,-5762,14281,0,-3.32596874574051,38.7693128399253,-6.88233176988641,34.5636142480001,-6.79158641552869,34.3938922012875,-11.3407148483389,28.1063850107849
"Cluster_5","Cluster D — Omusati, Oshana, Oshikoto & Ohangwena","Burchell's zebra","Grazer","General_Grazer",79392,76752,110172,73928,106833,74000,106698,70389,101707,0,-2641,30780,-5464,27441,-5392,27306,-9004,22314,0,-3.3259687457405,38.7693128399253,-6.8823317698864,34.5636142480001,-6.7915864155287,34.3938922012876,-11.3407148483389,28.1063850107849
"Cluster_5","Cluster D — Omusati, Oshana, Oshikoto & Ohangwena","Bushpig","Omnivore","Omnivore",313279,306430,306880,296235,296648,295536,296049,282090,282480,0,-6848,-6399,-17043,-16630,-17743,-17230,-31189,-30798,0,-2.18606375858496,-2.04245722953696,-5.44034750546364,-5.30852184714048,-5.66363540717809,-5.49992716924946,-9.95553220623056,-9.8309426390426
"Cluster_5","Cluster D — Omusati, Oshana, Oshikoto & Ohangwena","Cheetah","Carnivore","Carnivore",,,,,,,,,,,,,,,,,,,,,,,,,,,
"Cluster_5","Cluster D — Omusati, Oshana, Oshikoto & Ohangwena","Damara dik dik","Browser","Shrub_Browser",5762045,5768385,4330889,5601519,4190358,5564128,4169775,5334447,3990888,0,6340,-1431156,-160526,-1571688,-197917,-1592270,-427599,-1771158,0,0.110024422552545,-24.8376458812293,-2.78592076991384,-27.2765563601013,-3.43484123173917,-27.6337603839713,-7.42095367323012,-30.7383518299534
"Cluster_5","Cluster D — Omusati, Oshana, Oshikoto & Ohangwena","Duiker","Browser","Woodland_Browser",1392356,1388728,1040506,1347520,1001828,1339610,998123,1283260,954281,0,-3629,-351851,-44837,-390528,-52747,-394233,-109096,-438075,0,-0.26062022388146,-25.2701628252195,-3.22019070333249,-28.0479894891728,-3.788299731219,-28.3140805036298,-7.83535302718588,-31.4628720525337
"Cluster_5","Cluster D — Omusati, Oshana, Oshikoto & Ohangwena","Eland","Mixed","Mixed_Open",59570,58360,68123,56389,66002,56278,65862,53693,62842,0,-1210,8553,-3181,6432,-3292,6292,-5876,3272,0,-2.03106045783921,14.3586532224049,-5.33984134671756,10.7980206847827,-5.52585545909866,10.5631762046802,-9.86469601551099,5.49292607934129
"Cluster_5","Cluster D — Omusati, Oshana, Oshikoto & Ohangwena","Elephant","Mixed","Large_Mixed",8066,7965,8071,7710,7812,7681,7791,7341,7439,0,-101,5,-356,-253,-384,-275,-724,-627,0,-1.25299678477324,0.0666972061372747,-4.416131070719,-3.1405282299686,-4.76533073662834,-3.40760495549544,-8.98098896986189,-7.76921587893181
"Cluster_5","Cluster D — Omusati, Oshana, Oshikoto & Ohangwena","Gemsbok","Mixed","Arid_Mixed",137315,135058,154317,130592,149685,130240,149298,124351,142515,0,-2257,17002,-6723,12371,-7074,11983,-12964,5200,0,-1.64339993747572,12.3819363829094,-4.89606657511316,9.00889706897586,-5.15194979512458,8.72654824781649,-9.44117753909303,3.78712928624659
"Cluster_5","Cluster D — Omusati, Oshana, Oshikoto & Ohangwena","Giraffe","Browser","Woodland_Browser",28666,28591,21422,27743,20626,27580,20550,26420,19647,0,-75,-7244,-923,-8040,-1086,-8117,-2246,-9019,0,-0.260620223881452,-25.2701628252195,-3.22019070333249,-28.0479894891728,-3.78829973121899,-28.3140805036298,-7.83535302718586,-31.4628720525337
"Cluster_5","Cluster D — Omusati, Oshana, Oshikoto & Ohangwena","Hartmann's zebra","Grazer","Arid_Grazer",90698,88503,115232,85415,111799,85337,111583,81329,106437,0,-2195,24533,-5284,21101,-5361,20885,-9370,15739,0,-2.42027264571317,27.0495392398725,-5.82553751110365,23.2647989273784,-5.91106951509949,23.0264255544719,-10.3306423162946,17.3526393982016
"Cluster_5","Cluster D — Omusati, Oshana, Oshikoto & Ohangwena","Hippopotamus","Grazer","Wetland_Grazer",7173,6847,10713,6580,10382,6601,10377,6264,9884,0,-326,3540,-594,3209,-572,3204,-909,2710,0,-4.55119884245122,49.3491221147557,-8.27422839559716,44.7312808542463,-7.98000362214192,44.6668045347063,-12.6695664111336,37.7830713502939
"Cluster_5","Cluster D — Omusati, Oshana, Oshikoto & Ohangwena","Impala","Mixed","Mixed_Open",595697,583598,681231,563887,660020,562779,658621,536933,628418,0,-12099,85534,-31809,64323,-32917,62924,-58764,32721,0,-2.03106045783922,14.3586532224048,-5.33984134671757,10.7980206847827,-5.52585545909868,10.5631762046802,-9.864696015511,5.49292607934128
"Cluster_5","Cluster D — Omusati, Oshana, Oshikoto & Ohangwena","Klipspringer","Browser","Rocky_Browser",1961017,1966451,1472618,1909986,1425873,1896808,1418545,1818923,1357973,0,5434,-488398,-51031,-535144,-64209,-542472,-142094,-603044,0,0.277102024535403,-24.9053696579932,-2.60228202484859,-27.2890902155252,-3.27426840608729,-27.6627885170603,-7.24591058510584,-30.7516117099685
"Cluster_5","Cluster D — Omusati, Oshana, Oshikoto & Ohangwena","Kudu","Browser","Woodland_Browser",128243,127909,95836,124114,92274,123385,91932,118195,87894,0,-334,-32407,-4130,-35970,-4858,-36311,-10048,-40349,0,-0.260620223881462,-25.2701628252195,-3.22019070333249,-28.0479894891728,-3.78829973121899,-28.3140805036298,-7.83535302718587,-31.4628720525336
"Cluster_5","Cluster D — Omusati, Oshana, Oshikoto & Ohangwena","Leopard","Carnivore","Carnivore",,,,,,,,,,,,,,,,,,,,,,,,,,,
"Cluster_5","Cluster D — Omusati, Oshana, Oshikoto & Ohangwena","Ostrich","Mixed","Mixed_Open",297848,291799,340615,281944,330010,281390,329311,268466,314209,0,-6049,42767,-15905,32162,-16459,31462,-29382,16361,0,-2.03106045783922,14.3586532224048,-5.33984134671757,10.7980206847827,-5.52585545909868,10.5631762046802,-9.864696015511,5.49292607934128
"Cluster_5","Cluster D — Omusati, Oshana, Oshikoto & Ohangwena","Red Hartebeest","Grazer","General_Grazer",169370,163737,235034,157713,227911,157867,227623,150162,216974,0,-5633,65664,-11657,58540,-11503,58253,-19208,47604,0,-3.32596874574049,38.7693128399253,-6.88233176988639,34.5636142480001,-6.79158641552868,34.3938922012876,-11.3407148483389,28.1063850107849
"Cluster_5","Cluster D — Omusati, Oshana, Oshikoto & Ohangwena","Red Lechwe","Grazer","Wetland_Grazer",125532,119819,187481,115145,181684,115514,181603,109628,172962,0,-5713,61949,-10387,56152,-10017,56071,-15904,47430,0,-4.55119884245122,49.3491221147557,-8.27422839559717,44.7312808542463,-7.98000362214192,44.6668045347063,-12.6695664111336,37.7830713502939
"Cluster_5","Cluster D — Omusati, Oshana, Oshikoto & Ohangwena","Reedbuck","Grazer","Wetland_Grazer",223168,213011,333299,204702,322994,205359,322850,194893,307488,0,-10157,110131,-18465,99826,-17809,99682,-28274,84320,0,-4.55119884245121,49.3491221147557,-8.27422839559716,44.7312808542463,-7.98000362214192,44.6668045347063,-12.6695664111336,37.7830713502939
"Cluster_5","Cluster D — Omusati, Oshana, Oshikoto & Ohangwena","Roan","Grazer","General_Grazer",105856,102336,146896,98571,142444,98667,142264,93851,135609,0,-3521,41040,-7285,36588,-7189,36408,-12005,29752,0,-3.3259687457405,38.7693128399253,-6.8823317698864,34.5636142480001,-6.79158641552868,34.3938922012876,-11.3407148483389,28.1063850107849
"Cluster_5","Cluster D — Omusati, Oshana, Oshikoto & Ohangwena","Sable","Grazer","General_Grazer",127028,122803,176275,118285,170933,118400,170717,112622,162730,0,-4225,49248,-8742,43905,-8627,43690,-14406,35703,0,-3.3259687457405,38.7693128399253,-6.88233176988639,34.5636142480001,-6.79158641552868,34.3938922012876,-11.3407148483389,28.1063850107849
"Cluster_5","Cluster D — Omusati, Oshana, Oshikoto & Ohangwena","Spotted Hyaena","Carnivore","Carnivore",,,,,,,,,,,,,,,,,,,,,,,,,,,
"Cluster_5","Cluster D — Omusati, Oshana, Oshikoto & Ohangwena","Springbok","Grazer","Arid_Grazer",668303,652129,849077,629371,823783,628800,822190,599263,784272,0,-16175,180773,-38932,155479,-39504,153886,-69040,115968,0,-2.42027264571317,27.0495392398725,-5.82553751110365,23.2647989273784,-5.91106951509949,23.0264255544719,-10.3306423162946,17.3526393982016
"Cluster_5","Cluster D — Omusati, Oshana, Oshikoto & Ohangwena","Steenbok","Browser","Shrub_Browser",2881023,2884192,2165444,2800760,2095179,2782064,2084888,2667223,1995444,0,3170,-715578,-80263,-785844,-98959,-796135,-213799,-885579,0,0.110024422552545,-24.8376458812293,-2.78592076991384,-27.2765563601013,-3.43484123173917,-27.6337603839713,-7.42095367323012,-30.7383518299534
"Cluster_5","Cluster D — Omusati, Oshana, Oshikoto & Ohangwena","Vervet monkey","Omnivore","Omnivore",3759343,3677162,3682560,3554822,3559778,3546428,3552582,3385081,3389764,0,-82182,-76783,-204521,-199566,-212915,-206761,-374263,-369579,0,-2.18606375858497,-2.04245722953697,-5.44034750546364,-5.30852184714048,-5.6636354071781,-5.49992716924946,-9.95553220623056,-9.8309426390426
"Cluster_5","Cluster D — Omusati, Oshana, Oshikoto & Ohangwena","Warthog","Grazer","General_Grazer",362936,350865,503644,337957,488380,338287,487764,321776,464944,0,-12071,140708,-24978,125444,-24649,124828,-41160,102008,0,-3.3259687457405,38.7693128399253,-6.8823317698864,34.5636142480001,-6.79158641552868,34.3938922012876,-11.3407148483389,28.1063850107849
"Cluster_6","Cluster F —    //Karas,Hardap","Baboon","Omnivore","Omnivore",220657,193687,248842,184133,238087,186707,239975,166077,214946,0,-26971,28184,-36525,17430,-33950,19317,-54580,-5712,0,-12.2229057536373,12.7729041773691,-16.5526082258659,7.89917817626501,-15.3859910975038,8.75448257115698,-24.7353811181457,-2.58851265252403
"Cluster_6","Cluster F —    //Karas,Hardap","Black rhinoceros","Browser","Shrub_Browser",5609,4722,4909,4472,4682,4555,4736,4031,4224,0,-888,-701,-1137,-927,-1055,-874,-1578,-1386,0,-15.8287104419226,-12.4936821751503,-20.2690889007697,-16.5331293135548,-18.8003689825266,-15.5780013676418,-28.1349967934153,-24.7015562782015
"Cluster_6","Cluster F —    //Karas,Hardap","Black-backed Jackal","Carnivore","Carnivore",,,,,,,,,,,,,,,,,,,,,,,,,,,
"Cluster_6","Cluster F —    //Karas,Hardap","Black-faced Impala","Mixed","Mixed_Open",207400,184968,253101,176097,242380,178257,244057,158870,218866,0,-22433,45700,-31304,34980,-29144,36656,-48531,11466,0,-10.8161399997011,22.0346734382453,-15.0932865546899,16.8658071362547,-14.0520227361269,17.6741172004842,-23.3996522283328,5.52832623523728
"Cluster_6","Cluster F —    //Karas,Hardap","Blue wildebeest","Grazer","General_Grazer",51921,47073,67957,44889,65136,45355,65523,40509,58828,0,-4848,16035,-7032,13214,-6566,13602,-11412,6907,0,-9.33740516467858,30.8837260279209,-13.5437230994887,25.4508866664079,-12.6469930920304,26.1967201505263,-21.9799079456371,13.3021080506951
"Cluster_6","Cluster F —    //Karas,Hardap","Buffalo","Grazer","General_Grazer",22845,20712,29901,19751,28660,19956,28830,17824,25884,0,-2133,7056,-3094,5814,-2889,5985,-5021,3039,0,-9.33740516467859,30.8837260279209,-13.5437230994887,25.4508866664079,-12.6469930920304,26.1967201505263,-21.9799079456371,13.3021080506951
"Cluster_6","Cluster F —    //Karas,Hardap","Burchell's zebra","Grazer","General_Grazer",35696,32363,46720,30861,44781,31182,45047,27850,40444,0,-3333,11024,-4835,9085,-4514,9351,-7846,4748,0,-9.33740516467858,30.8837260279209,-13.5437230994887,25.4508866664079,-12.6469930920304,26.1967201505263,-21.9799079456371,13.3021080506951
"Cluster_6","Cluster F —    //Karas,Hardap","Bushpig","Omnivore","Omnivore",88263,77475,99537,73653,95235,74683,95990,66431,85978,0,-10788,11274,-14610,6972,-13580,7727,-21832,-2285,0,-12.2229057536373,12.7729041773691,-16.5526082258659,7.89917817626502,-15.3859910975038,8.75448257115698,-24.7353811181457,-2.58851265252404
"Cluster_6","Cluster F —    //Karas,Hardap","Cheetah","Carnivore","Carnivore",,,,,,,,,,,,,,,,,,,,,,,,,,,
"Cluster_6","Cluster F —    //Karas,Hardap","Damara dik dik","Browser","Shrub_Browser",1121886,944306,981721,894490,936403,910967,947118,806243,844762,0,-177580,-140165,-227396,-185483,-210919,-174767,-315642,-277123,0,-15.8287104419226,-12.4936821751503,-20.2690889007697,-16.5331293135548,-18.8003689825266,-15.5780013676418,-28.1349967934153,-24.7015562782015
"Cluster_6","Cluster F —    //Karas,Hardap","Duiker","Browser","Woodland_Browser",244526,202305,209832,190996,199710,195160,202434,172069,180104,0,-42221,-34694,-53530,-44816,-49366,-42092,-72457,-64422,0,-17.2665123474317,-14.1882469541788,-21.8912982790814,-18.3275952770812,-20.1884199746017,-17.2137854715203,-29.6315371956105,-26.3458414310644
"Cluster_6","Cluster F —    //Karas,Hardap","Eland","Mixed","Mixed_Open",20740,18497,25310,17610,24238,17826,24406,15887,21887,0,-2243,4570,-3130,3498,-2914,3666,-4853,1147,0,-10.8161399997011,22.0346734382453,-15.0932865546899,16.8658071362547,-14.0520227361269,17.6741172004842,-23.3996522283328,5.52832623523729
"Cluster_6","Cluster F —    //Karas,Hardap","Elephant","Mixed","Large_Mixed",2375,2092,2686,1990,2571,2017,2590,1795,2321,0,-283,311,-385,196,-359,215,-580,-54,0,-11.923281746066,13.0836833504917,-16.2135825554129,8.23314133996687,-15.0965987264626,9.05459908766936,-24.4225314855162,-2.28192322756125
"Cluster_6","Cluster F —    //Karas,Hardap","Gemsbok","Mixed","Arid_Mixed",49887,44738,59082,42671,56629,43121,56975,38506,51141,0,-5149,9195,-7216,6742,-6766,7088,-11381,1254,0,-10.3222888711615,18.432369684805,-14.464126492112,13.5151102171858,-13.5619764769668,14.2082594388023,-22.8132533032075,2.51287080780174
"Cluster_6","Cluster F —    //Karas,Hardap","Giraffe","Browser","Woodland_Browser",5034,4165,4320,3932,4112,4018,4168,3543,3708,0,-869,-714,-1102,-923,-1016,-867,-1492,-1326,0,-17.2665123474317,-14.1882469541788,-21.8912982790814,-18.3275952770812,-20.1884199746017,-17.2137854715203,-29.6315371956105,-26.3458414310644
"Cluster_6","Cluster F —    //Karas,Hardap","Hartmann's zebra","Grazer","Arid_Grazer",39168,35533,48428,33937,46450,34245,46698,30631,41954,0,-3635,9260,-5231,7282,-4923,7530,-8537,2786,0,-9.2809716069809,23.6410615468053,-13.3552885169313,18.5910614038715,-12.5693148808861,19.2253533584085,-21.7957330203066,7.1120621844226
"Cluster_6","Cluster F —    //Karas,Hardap","Hippopotamus","Grazer","Wetland_Grazer",3426,3113,4647,2968,4453,2999,4480,2678,4022,0,-313,1220,-459,1027,-427,1054,-748,595,0,-9.13421497274509,35.6134456120188,-13.3906486757156,29.9622627887204,-12.4650816054719,30.750051751394,-21.844990893584,17.3771879696936
"Cluster_6","Cluster F —    //Karas,Hardap","Impala","Mixed","Mixed_Open",207400,184968,253101,176097,242380,178257,244057,158870,218866,0,-22433,45700,-31304,34980,-29144,36656,-48531,11466,0,-10.8161399997011,22.0346734382453,-15.0932865546899,16.8658071362547,-14.0520227361269,17.6741172004842,-23.3996522283328,5.52832623523728
"Cluster_6","Cluster F —    //Karas,Hardap","Klipspringer","Browser","Rocky_Browser",459421,398802,392698,380379,376219,384806,378917,343186,339608,0,-60618,-66722,-79042,-83202,-74615,-80504,-116234,-119812,0,-13.1945295911776,-14.5231184650905,-17.2046839675115,-18.1101607450613,-16.2410126316994,-17.5229217653104,-25.300199385614,-26.0789924038983
"Cluster_6","Cluster F —    //Karas,Hardap","Kudu","Browser","Woodland_Browser",22522,18633,19327,17592,18394,17975,18645,15848,16588,0,-3889,-3195,-4930,-4128,-4547,-3877,-6674,-5934,0,-17.2665123474317,-14.1882469541788,-21.8912982790814,-18.3275952770812,-20.1884199746017,-17.2137854715203,-29.6315371956105,-26.3458414310644
"Cluster_6","Cluster F —    //Karas,Hardap","Leopard","Carnivore","Carnivore",,,,,,,,,,,,,,,,,,,,,,,,,,,
"Cluster_6","Cluster F —    //Karas,Hardap","Ostrich","Mixed","Mixed_Open",103700,92484,126550,88048,121190,89128,122028,79435,109433,0,-11216,22850,-15652,17490,-14572,18328,-24265,5733,0,-10.8161399997011,22.0346734382453,-15.0932865546899,16.8658071362547,-14.0520227361269,17.6741172004842,-23.3996522283328,5.52832623523728
"Cluster_6","Cluster F —    //Karas,Hardap","Red Hartebeest","Grazer","General_Grazer",76151,69041,99670,65838,95533,66521,96101,59413,86281,0,-7111,23518,-10314,19381,-9631,19949,-16738,10130,0,-9.33740516467857,30.8837260279209,-13.5437230994887,25.4508866664079,-12.6469930920304,26.1967201505263,-21.9799079456371,13.3021080506951
"Cluster_6","Cluster F —    //Karas,Hardap","Red Lechwe","Grazer","Wetland_Grazer",59961,54484,81315,51931,77926,52486,78399,46862,70380,0,-5477,21354,-8029,17966,-7474,18438,-13098,10419,0,-9.13421497274509,35.6134456120188,-13.3906486757156,29.9622627887204,-12.4650816054719,30.750051751394,-21.844990893584,17.3771879696936
"Cluster_6","Cluster F —    //Karas,Hardap","Reedbuck","Grazer","Wetland_Grazer",106597,96860,144559,92323,138535,93309,139375,83311,125120,0,-9737,37963,-14274,31939,-13287,32779,-23286,18524,0,-9.1342149727451,35.6134456120188,-13.3906486757156,29.9622627887204,-12.4650816054719,30.750051751394,-21.844990893584,17.3771879696936
"Cluster_6","Cluster F —    //Karas,Hardap","Roan","Grazer","General_Grazer",47595,43151,62294,41149,59708,41575,60063,37133,53926,0,-4444,14699,-6446,12113,-6019,12468,-10461,6331,0,-9.33740516467858,30.8837260279209,-13.5437230994887,25.4508866664079,-12.6469930920304,26.1967201505263,-21.9799079456371,13.3021080506951
"Cluster_6","Cluster F —    //Karas,Hardap","Sable","Grazer","General_Grazer",57114,51781,74752,49378,71649,49890,72075,44560,64711,0,-5333,17639,-7735,14536,-7223,14962,-12554,7597,0,-9.33740516467859,30.8837260279209,-13.5437230994887,25.4508866664079,-12.6469930920304,26.1967201505263,-21.9799079456371,13.3021080506951
"Cluster_6","Cluster F —    //Karas,Hardap","Spotted Hyaena","Carnivore","Carnivore",,,,,,,,,,,,,,,,,,,,,,,,,,,
"Cluster_6","Cluster F —    //Karas,Hardap","Springbok","Grazer","Arid_Grazer",288606,261820,356835,250062,342261,252330,344091,225702,309132,0,-26785,68229,-38544,53655,-36276,55485,-62904,20526,0,-9.28097160698091,23.6410615468053,-13.3552885169313,18.5910614038715,-12.5693148808861,19.2253533584085,-21.7957330203066,7.1120621844226
"Cluster_6","Cluster F —    //Karas,Hardap","Steenbok","Browser","Shrub_Browser",560943,472153,490860,447245,468201,455483,473559,403122,422381,0,-88790,-70082,-113698,-92741,-105459,-87384,-157821,-138562,0,-15.8287104419226,-12.4936821751503,-20.2690889007697,-16.5331293135548,-18.8003689825266,-15.5780013676418,-28.1349967934153,-24.7015562782015
"Cluster_6","Cluster F —    //Karas,Hardap","Vervet monkey","Omnivore","Omnivore",1059155,929695,1194440,883837,1142819,896193,1151878,797169,1031739,0,-129460,135285,-175318,83665,-162961,92724,-261986,-27416,0,-12.2229057536373,12.7729041773691,-16.5526082258659,7.89917817626501,-15.3859910975038,8.75448257115699,-24.7353811181457,-2.58851265252403
"Cluster_6","Cluster F —    //Karas,Hardap","Warthog","Grazer","General_Grazer",163182,147945,213578,141081,204713,142544,205930,127314,184888,0,-15237,50397,-22101,41531,-20638,42748,-35867,21707,0,-9.33740516467859,30.8837260279209,-13.5437230994887,25.4508866664079,-12.6469930920304,26.1967201505263,-21.9799079456371,13.3021080506951
